{
    "adg": 0.007005093958581954,
    "adg_per_exposure_long": 0.0025061154688687587,
    "adg_per_exposure_short": 0.0,
    "adg_w": 0.0033486450308131575,
    "adg_w_per_exposure_long": 0.0011979983653452912,
    "adg_w_per_exposure_short": 0.0,
    "calmar_ratio": 0.0397570251837333,
    "calmar_ratio_w": 0.024017459693990526,
    "drawdown_worst": 0.1761976386867121,
    "drawdown_worst_mean_1pct": 0.14551606776650533,
    "equity_balance_diff_neg_max": 0.2097762292833438,
    "equity_balance_diff_neg_mean": 0.0019124298237375192,
    "equity_balance_diff_pos_max": 0.126658096330828,
    "equity_balance_diff_pos_mean": 0.0008039755034652815,
    "equity_choppiness": 1.5729930066797122,
    "equity_choppiness_w": 2.1836786087558364,
    "equity_jerkiness": 0.013766325899074547,
    "equity_jerkiness_w": 0.009996542061620794,
    "expected_shortfall_1pct": 0.12068969948705713,
    "exponential_fit_error": 0.03120705380735691,
    "exponential_fit_error_w": 0.00484654212248604,
    "gain": 44.901283875227335,
    "gain_per_exposure_long": 16.063710602184937,
    "gain_per_exposure_short": 0.0,
    "loss_profit_ratio": 0.4012635471502016,
    "loss_profit_ratio_long": 0.4012635471502016,
    "loss_profit_ratio_short": 1.0,
    "loss_profit_ratio_w": 0.49983024888282285,
    "mdg": 0.0017939956890600257,
    "mdg_per_exposure_long": 0.0006418129969447717,
    "mdg_per_exposure_short": 0.0,
    "mdg_w": 0.0010496365782465523,
    "mdg_w_per_exposure_long": 0.0003755139447075531,
    "mdg_w_per_exposure_short": 0.0,
    "omega_ratio": 7.072561067500968,
    "omega_ratio_w": 3.5726738583530873,
    "pnl_ratio_long_short": 1.0,
    "position_held_hours_max": 55.983333333333334,
    "position_held_hours_mean": 1.615634810710988,
    "position_held_hours_median": 0.9666666666666667,
    "position_unchanged_hours_max": 20.366666666666667,
    "positions_held_per_day": 13.247706422018348,
    "sharpe_ratio": 0.18283727661520538,
    "sharpe_ratio_w": 0.1243387485460895,
    "sortino_ratio": 0.2585548351249811,
    "sortino_ratio_w": 0.13140578976679235,
    "sterling_ratio": 0.04813965953108565,
    "sterling_ratio_w": 0.025050209217657306,
    "volume_pct_per_day_avg": 2.53251139896194,
    "volume_pct_per_day_avg_w": 1.7744329128974576
}