{
    "adg": 0.022996455614028077,
    "adg_per_exposure_long": 0.004606938640949592,
    "adg_per_exposure_short": 0.0,
    "adg_w": 0.004165265984676836,
    "adg_w_per_exposure_long": 0.0008344383646206376,
    "adg_w_per_exposure_short": 0.0,
    "calmar_ratio": 0.0733665554355389,
    "calmar_ratio_w": 0.01328527840097179,
    "drawdown_worst": 0.3134460310629297,
    "drawdown_worst_mean_1pct": 0.2816509762623094,
    "equity_balance_diff_neg_max": 0.5831035174170092,
    "equity_balance_diff_neg_mean": 0.03238730420374564,
    "equity_balance_diff_pos_max": 0.4285976406882619,
    "equity_balance_diff_pos_mean": 0.012512337498067096,
    "equity_choppiness": 1.3169665823581134,
    "equity_choppiness_w": 240.89583131862545,
    "equity_jerkiness": 0.03578655466042471,
    "equity_jerkiness_w": 0.015884212273445643,
    "expected_shortfall_1pct": 0.25198436607104363,
    "exponential_fit_error": 0.71268483585412,
    "exponential_fit_error_w": 0.0747719735506694,
    "gain": 485.02384575518965,
    "gain_per_exposure_long": 97.16606481863687,
    "gain_per_exposure_short": 0.0,
    "loss_profit_ratio": 0.1282822763557797,
    "loss_profit_ratio_long": 0.1282822763557797,
    "loss_profit_ratio_short": 1.0,
    "loss_profit_ratio_w": 0.6218445694711481,
    "mdg": 0.0009563052381008308,
    "mdg_per_exposure_long": 0.00019157906887449784,
    "mdg_per_exposure_short": 0.0,
    "mdg_w": 9.563052381008308e-05,
    "mdg_w_per_exposure_long": 1.9157906887449783e-05,
    "mdg_w_per_exposure_short": 0.0,
    "omega_ratio": 13.329709656684503,
    "omega_ratio_w": 4.084906119493171,
    "pnl_ratio_long_short": 1.0,
    "position_held_hours_max": 12.75,
    "position_held_hours_mean": 0.14755464480874317,
    "position_held_hours_median": 0.06666666666666667,
    "position_unchanged_hours_max": 4.85,
    "positions_held_per_day": 4.485294117647059,
    "sharpe_ratio": 0.16919083176082683,
    "sharpe_ratio_w": 0.0461535411399812,
    "sortino_ratio": 0.28058189207669965,
    "sortino_ratio_w": 0.05535371811073199,
    "sterling_ratio": 0.0816487694067527,
    "sterling_ratio_w": 0.014113499798093168,
    "volume_pct_per_day_avg": 6.479872260636603,
    "volume_pct_per_day_avg_w": 4.02200158156945
}