{
    "adg": 0.07804576578787525,
    "adg_per_exposure_long": 0.008694066524955748,
    "adg_per_exposure_short": 0.0,
    "adg_w": 0.049582790840467905,
    "adg_w_per_exposure_long": 0.00552337564643339,
    "adg_w_per_exposure_short": 0.0,
    "calmar_ratio": 0.11403013486580998,
    "calmar_ratio_w": 0.221266857335559,
    "drawdown_worst": 0.6844310574544095,
    "drawdown_worst_mean_1pct": 0.6572343327800735,
    "equity_balance_diff_neg_max": 0.6922501663521854,
    "equity_balance_diff_neg_mean": 0.034489916610554124,
    "equity_balance_diff_pos_max": 0.6198148610515795,
    "equity_balance_diff_pos_mean": 0.019027591267749572,
    "equity_choppiness": 1.3384261117562848,
    "equity_choppiness_w": 1.2472221792069074,
    "equity_jerkiness": 0.15737813119034072,
    "equity_jerkiness_w": 0.09036566710649402,
    "expected_shortfall_1pct": 0.6539928515970462,
    "exponential_fit_error": 0.4963784965393147,
    "exponential_fit_error_w": 0.05860447308481369,
    "gain": 3631422.8996090717,
    "gain_per_exposure_long": 404529.72625394864,
    "gain_per_exposure_short": 0.0,
    "loss_profit_ratio": 0.16307957993114713,
    "loss_profit_ratio_long": 0.16307957993114713,
    "loss_profit_ratio_short": 1.0,
    "loss_profit_ratio_w": 0.1422687673557904,
    "mdg": 0.054834847506270476,
    "mdg_per_exposure_long": 0.006108439161210493,
    "mdg_per_exposure_short": 0.0,
    "mdg_w": 0.03607587299198338,
    "mdg_w_per_exposure_long": 0.004018745111562274,
    "mdg_w_per_exposure_short": 0.0,
    "omega_ratio": 5.783657399957798,
    "omega_ratio_w": 12.672407951577004,
    "pnl_ratio_long_short": 1.0,
    "position_held_hours_max": 86.3,
    "position_held_hours_mean": 9.21089947089947,
    "position_held_hours_median": 4.65,
    "position_unchanged_hours_max": 37.61666666666667,
    "positions_held_per_day": 1.5671641791044777,
    "sharpe_ratio": 0.19207205927107623,
    "sharpe_ratio_w": 0.319410116662033,
    "sortino_ratio": 0.3682781094399409,
    "sortino_ratio_w": 0.4670557255818766,
    "sterling_ratio": 0.11874876569175101,
    "sterling_ratio_w": 0.22173872041815307,
    "volume_pct_per_day_avg": 13.840371488504939,
    "volume_pct_per_day_avg_w": 7.531799192804091
}