{"analysis": {"adg": 0.07804576578787525,
              "adg_per_exposure_long": 0.008694066524955748,
              "adg_per_exposure_short": 0.0,
              "adg_w": 0.049582790840467905,
              "adg_w_per_exposure_long": 0.00552337564643339,
              "adg_w_per_exposure_short": 0.0,
              "calmar_ratio": 0.11403013486580998,
              "calmar_ratio_w": 0.221266857335559,
              "drawdown_worst": 0.6844310574544095,
              "drawdown_worst_mean_1pct": 0.6572343327800735,
              "equity_balance_diff_neg_max": 0.6922501663521854,
              "equity_balance_diff_neg_mean": 0.034489916610554124,
              "equity_balance_diff_pos_max": 0.6198148610515795,
              "equity_balance_diff_pos_mean": 0.019027591267749572,
              "equity_choppiness": 1.3384261117562848,
              "equity_choppiness_w": 1.2472221792069074,
              "equity_jerkiness": 0.15737813119034072,
              "equity_jerkiness_w": 0.09036566710649402,
              "expected_shortfall_1pct": 0.6539928515970462,
              "exponential_fit_error": 0.4963784965393147,
              "exponential_fit_error_w": 0.05860447308481369,
              "gain": 3631422.8996090717,
              "gain_per_exposure_long": 404529.72625394864,
              "gain_per_exposure_short": 0.0,
              "loss_profit_ratio": 0.16307957993114713,
              "loss_profit_ratio_long": 0.16307957993114713,
              "loss_profit_ratio_short": 1.0,
              "loss_profit_ratio_w": 0.1422687673557904,
              "mdg": 0.054834847506270476,
              "mdg_per_exposure_long": 0.006108439161210493,
              "mdg_per_exposure_short": 0.0,
              "mdg_w": 0.03607587299198338,
              "mdg_w_per_exposure_long": 0.004018745111562274,
              "mdg_w_per_exposure_short": 0.0,
              "omega_ratio": 5.783657399957798,
              "omega_ratio_w": 12.672407951577004,
              "pnl_ratio_long_short": 1.0,
              "position_held_hours_max": 86.3,
              "position_held_hours_mean": 9.21089947089947,
              "position_held_hours_median": 4.65,
              "position_unchanged_hours_max": 37.61666666666667,
              "positions_held_per_day": 1.5671641791044777,
              "sharpe_ratio": 0.19207205927107623,
              "sharpe_ratio_w": 0.319410116662033,
              "sortino_ratio": 0.3682781094399409,
              "sortino_ratio_w": 0.4670557255818766,
              "sterling_ratio": 0.11874876569175101,
              "sterling_ratio_w": 0.22173872041815307,
              "volume_pct_per_day_avg": 13.840371488504939,
              "volume_pct_per_day_avg_w": 7.531799192804091},
 "backtest": {"base_dir": "backtests/pbgui/HYPE_bybit",
              "cache_dir": {"combined": "caches/hlcvs_data/85c368c94c4f65d4"},
              "coins": {"combined": ["HYPE"]},
              "combine_ohlcvs": true,
              "compress_cache": true,
              "end_date": "2025-07-24",
              "exchanges": ["bybit"],
              "gap_tolerance_ohlcvs_minutes": 120,
              "start_date": "2020-01-01",
              "starting_balance": 200,
              "use_btc_collateral": false},
 "bot": {"long": {"close_grid_markup_end": 0.020449,
                  "close_grid_markup_start": 0.029998,
                  "close_grid_qty_pct": 0.21594,
                  "close_trailing_grid_ratio": -0.36975,
                  "close_trailing_qty_pct": 0.24129,
                  "close_trailing_retracement_pct": 0.0086382,
                  "close_trailing_threshold_pct": 0.0019641,
                  "ema_span_0": 254.68,
                  "ema_span_1": 589.12,
                  "enforce_exposure_limit": true,
                  "entry_grid_double_down_factor": 1.1117,
                  "entry_grid_spacing_pct": 0.025824,
                  "entry_grid_spacing_weight": 0.67152,
                  "entry_initial_ema_dist": 0.0099963,
                  "entry_initial_qty_pct": 0.09266,
                  "entry_trailing_double_down_factor": 2.1929,
                  "entry_trailing_grid_ratio": 0.10484,
                  "entry_trailing_retracement_pct": 0.018123,
                  "entry_trailing_threshold_pct": -0.01542,
                  "filter_noisiness_rolling_window": 60,
                  "filter_volume_drop_pct": 0,
                  "filter_volume_rolling_window": 60,
                  "n_positions": 1,
                  "total_wallet_exposure_limit": 8.9769,
                  "unstuck_close_pct": 0.032556,
                  "unstuck_ema_dist": -0.054613,
                  "unstuck_loss_allowance_pct": 0.20225,
                  "unstuck_threshold": 0.629},
         "short": {"close_grid_markup_end": 0.001,
                   "close_grid_markup_start": 0.001,
                   "close_grid_qty_pct": 0.05,
                   "close_trailing_grid_ratio": -1,
                   "close_trailing_qty_pct": 0.05,
                   "close_trailing_retracement_pct": 0,
                   "close_trailing_threshold_pct": -0.1,
                   "ema_span_0": 200,
                   "ema_span_1": 200,
                   "enforce_exposure_limit": true,
                   "entry_grid_double_down_factor": 0.1,
                   "entry_grid_spacing_pct": 0.01,
                   "entry_grid_spacing_weight": 0.2,
                   "entry_initial_ema_dist": -0.1,
                   "entry_initial_qty_pct": 0.025,
                   "entry_trailing_double_down_factor": 0.1,
                   "entry_trailing_grid_ratio": -1,
                   "entry_trailing_retracement_pct": 0,
                   "entry_trailing_threshold_pct": -0.1,
                   "filter_noisiness_rolling_window": 10,
                   "filter_volume_drop_pct": 0,
                   "filter_volume_rolling_window": 10,
                   "n_positions": 0,
                   "total_wallet_exposure_limit": 0,
                   "unstuck_close_pct": 0.005,
                   "unstuck_ema_dist": -0.1,
                   "unstuck_loss_allowance_pct": 0.01,
                   "unstuck_threshold": 0.7}},
 "coin_overrides": {},
 "disable_plotting": false,
 "live": {"approved_coins": {"long": ["HYPEUSDT"], "short": []},
          "auto_gs": true,
          "empty_means_all_approved": false,
          "execution_delay_seconds": 2,
          "filter_by_min_effective_cost": true,
          "forced_mode_long": "",
          "forced_mode_short": "",
          "ignored_coins": {"long": [], "short": []},
          "leverage": 10,
          "market_orders_allowed": true,
          "max_n_cancellations_per_batch": 5,
          "max_n_creations_per_batch": 3,
          "max_n_restarts_per_day": 10,
          "mimic_backtest_1m_delay": false,
          "minimum_coin_age_days": 30,
          "ohlcvs_1m_rolling_window_days": 4,
          "ohlcvs_1m_update_after_minutes": 10,
          "pnls_max_lookback_days": 30,
          "price_distance_threshold": 0.002,
          "time_in_force": "good_till_cancelled",
          "user": "bybit_01"},
 "optimize": {"bounds": {"long_close_grid_markup_end": [0.001, 0.03],
                         "long_close_grid_markup_start": [0.001, 0.03],
                         "long_close_grid_qty_pct": [0.05, 0.4],
                         "long_close_trailing_grid_ratio": [-1, 1],
                         "long_close_trailing_qty_pct": [0.05, 0.25],
                         "long_close_trailing_retracement_pct": [0.003, 0.01],
                         "long_close_trailing_threshold_pct": [0.001, 0.005],
                         "long_ema_span_0": [50, 800],
                         "long_ema_span_1": [50, 800],
                         "long_entry_grid_double_down_factor": [0, 10],
                         "long_entry_grid_spacing_pct": [0.01, 0.12],
                         "long_entry_grid_spacing_weight": [0.2, 2],
                         "long_entry_initial_ema_dist": [-0.001, 0.0175],