{
    "adg": 0.0022496390715778247,
    "adg_per_exposure_long": 0.0003610977642982062,
    "adg_per_exposure_short": 0.0,
    "adg_w": 0.0015948457826966411,
    "adg_w_per_exposure_long": 0.00025599450765596165,
    "adg_w_per_exposure_short": 0.0,
    "calmar_ratio": 0.006759065567984687,
    "calmar_ratio_w": 0.006930916482131266,
    "drawdown_worst": 0.33283285225602377,
    "drawdown_worst_mean_1pct": 0.18937811127859006,
    "equity_balance_diff_neg_max": 0.3360950283968589,
    "equity_balance_diff_neg_mean": 0.006768897406621519,
    "equity_balance_diff_pos_max": 0.24799379529525883,
    "equity_balance_diff_pos_mean": 0.00039904796104365034,
    "equity_choppiness": 4.016492403003728,
    "equity_choppiness_w": 4.091022027018467,
    "equity_jerkiness": 0.011179711950818984,
    "equity_jerkiness_w": 0.010069754457660134,
    "expected_shortfall_1pct": 0.14992182032487902,
    "exponential_fit_error": 0.1539977074356994,
    "exponential_fit_error_w": 0.01661077137361579,
    "flat_btc_balance_hours": 0.0,
    "gain": 119.32552165103272,
    "gain_per_exposure_long": 19.153374261803002,
    "gain_per_exposure_short": 0.0,
    "loss_profit_ratio": 0.06702453471937515,
    "loss_profit_ratio_long": 0.06702453471937515,
    "loss_profit_ratio_short": 1.0,
    "loss_profit_ratio_w": 0.03543304951724262,
    "mdg": 0.0006278324121510887,
    "mdg_per_exposure_long": 0.0001007756680820367,
    "mdg_per_exposure_short": 0.0,
    "mdg_w": 0.0004137311472743062,
    "mdg_w_per_exposure_long": 6.640949394451143e-05,
    "mdg_w_per_exposure_short": 0.0,
    "omega_ratio": 2.018449995592049,
    "omega_ratio_w": 1.730343381819046,
    "pnl_ratio_long_short": 1.0,
    "position_held_hours_max": 837.8166666666667,
    "position_held_hours_mean": 8.800904131420866,
    "position_held_hours_median": 0.875,
    "position_unchanged_hours_max": 381.76666666666665,
    "positions_held_per_day": 2.555451961757245,
    "sharpe_ratio": 0.06215690946778781,
    "sharpe_ratio_w": 0.053910533444564354,
    "sortino_ratio": 0.07989154288179968,
    "sortino_ratio_w": 0.0715485348915953,
    "sterling_ratio": 0.011879087062329126,
    "sterling_ratio_w": 0.008978144742107405,
    "volume_pct_per_day_avg": 1.4124531932657745,
    "volume_pct_per_day_avg_w": 1.1626368562270017
}