{"analysis": {"adg": 0.0022496390715778247,
              "adg_per_exposure_long": 0.0003610977642982062,
              "adg_per_exposure_short": 0.0,
              "adg_w": 0.0015948457826966411,
              "adg_w_per_exposure_long": 0.00025599450765596165,
              "adg_w_per_exposure_short": 0.0,
              "calmar_ratio": 0.006759065567984687,
              "calmar_ratio_w": 0.006930916482131266,
              "drawdown_worst": 0.33283285225602377,
              "drawdown_worst_mean_1pct": 0.18937811127859006,
              "equity_balance_diff_neg_max": 0.3360950283968589,
              "equity_balance_diff_neg_mean": 0.006768897406621519,
              "equity_balance_diff_pos_max": 0.24799379529525883,
              "equity_balance_diff_pos_mean": 0.00039904796104365034,
              "equity_choppiness": 4.016492403003728,
              "equity_choppiness_w": 4.091022027018467,
              "equity_jerkiness": 0.011179711950818984,
              "equity_jerkiness_w": 0.010069754457660134,
              "expected_shortfall_1pct": 0.14992182032487902,
              "exponential_fit_error": 0.1539977074356994,
              "exponential_fit_error_w": 0.01661077137361579,
              "flat_btc_balance_hours": 0.0,
              "gain": 119.32552165103272,
              "gain_per_exposure_long": 19.153374261803002,
              "gain_per_exposure_short": 0.0,
              "loss_profit_ratio": 0.06702453471937515,
              "loss_profit_ratio_long": 0.06702453471937515,
              "loss_profit_ratio_short": 1.0,
              "loss_profit_ratio_w": 0.03543304951724262,
              "mdg": 0.0006278324121510887,
              "mdg_per_exposure_long": 0.0001007756680820367,
              "mdg_per_exposure_short": 0.0,
              "mdg_w": 0.0004137311472743062,
              "mdg_w_per_exposure_long": 6.640949394451143e-05,
              "mdg_w_per_exposure_short": 0.0,
              "omega_ratio": 2.018449995592049,
              "omega_ratio_w": 1.730343381819046,
              "pnl_ratio_long_short": 1.0,
              "position_held_hours_max": 837.8166666666667,
              "position_held_hours_mean": 8.800904131420866,
              "position_held_hours_median": 0.875,
              "position_unchanged_hours_max": 381.76666666666665,
              "positions_held_per_day": 2.555451961757245,
              "sharpe_ratio": 0.06215690946778781,
              "sharpe_ratio_w": 0.053910533444564354,
              "sortino_ratio": 0.07989154288179968,
              "sortino_ratio_w": 0.0715485348915953,
              "sterling_ratio": 0.011879087062329126,
              "sterling_ratio_w": 0.008978144742107405,
              "volume_pct_per_day_avg": 1.4124531932657745,
              "volume_pct_per_day_avg_w": 1.1626368562270017},
 "backtest": {"base_dir": "backtests/pbgui/ETH_binance",
              "cache_dir": {"combined": "caches/hlcvs_data/23e89c8745bea45b"},
              "coins": {"combined": ["ETH"]},
              "combine_ohlcvs": true,
              "compress_cache": true,
              "end_date": "2025-10-30",
              "exchanges": ["binance"],
              "gap_tolerance_ohlcvs_minutes": 120,
              "start_date": "2020-01-01",
              "starting_balance": 200,
              "use_btc_collateral": false},
 "bot": {"long": {"close_grid_markup_end": 0.023792,
                  "close_grid_markup_start": 0.0066104,
                  "close_grid_qty_pct": 0.30432,
                  "close_trailing_grid_ratio": -1,
                  "close_trailing_qty_pct": 0.24429,
                  "close_trailing_retracement_pct": 0.003222,
                  "close_trailing_threshold_pct": 0.0049603,
                  "ema_span_0": 92.619,
                  "ema_span_1": 101.55,
                  "enforce_exposure_limit": true,
                  "entry_grid_double_down_factor": 1.1868,
                  "entry_grid_spacing_log_span_hours": 155.42,
                  "entry_grid_spacing_log_weight": 368.75,
                  "entry_grid_spacing_pct": 0.11482,
                  "entry_grid_spacing_we_weight": 5.2503,
                  "entry_initial_ema_dist": -0.00090672,
                  "entry_initial_qty_pct": 0.019147,
                  "entry_trailing_double_down_factor": 1.4116,
                  "entry_trailing_grid_ratio": -1,
                  "entry_trailing_retracement_pct": 0.037001,
                  "entry_trailing_threshold_pct": 0.061787,
                  "filter_log_range_ema_span": 60,
                  "filter_volume_drop_pct": 0,
                  "filter_volume_ema_span": 245.26,
                  "n_positions": 1,
                  "total_wallet_exposure_limit": 6.23,
                  "unstuck_close_pct": 0.0058585,
                  "unstuck_ema_dist": -0.059715,
                  "unstuck_loss_allowance_pct": 0.1884,
                  "unstuck_threshold": 0.79897},
         "short": {"close_grid_markup_end": 0.001,
                   "close_grid_markup_start": 0.001,
                   "close_grid_qty_pct": 0.1,
                   "close_trailing_grid_ratio": -1,
                   "close_trailing_qty_pct": 0.1,
                   "close_trailing_retracement_pct": 0.003,
                   "close_trailing_threshold_pct": -0.001,
                   "ema_span_0": 200,
                   "ema_span_1": 200,
                   "enforce_exposure_limit": true,
                   "entry_grid_double_down_factor": 0.6,
                   "entry_grid_spacing_log_span_hours": 24,
                   "entry_grid_spacing_log_weight": 0,
                   "entry_grid_spacing_pct": 0.01,
                   "entry_grid_spacing_we_weight": 0,
                   "entry_initial_ema_dist": -0.001,
                   "entry_initial_qty_pct": 0.025,
                   "entry_trailing_double_down_factor": 0.1,
                   "entry_trailing_grid_ratio": -1,
                   "entry_trailing_retracement_pct": 0,
                   "entry_trailing_threshold_pct": -0.1,
                   "filter_log_range_ema_span": 60,
                   "filter_volume_drop_pct": 0.53,
                   "filter_volume_ema_span": 10,
                   "n_positions": 0,
                   "total_wallet_exposure_limit": 0,
                   "unstuck_close_pct": 0.005,
                   "unstuck_ema_dist": -0.1,
                   "unstuck_loss_allowance_pct": 0.01,
                   "unstuck_threshold": 0.55}},
 "coin_overrides": {},
 "disable_plotting": false,
 "live": {"approved_coins": {"long": ["ETH"], "short": []},
          "auto_gs": true,
          "base_config_path": "/app/pbgui/data/bt_v7/ETH_binance/backtest.json",
          "empty_means_all_approved": false,
          "execution_delay_seconds": 2,
          "filter_by_min_effective_cost": true,
          "forced_mode_long": "",
          "forced_mode_short": "",
          "ignored_coins": {"long": [], "short": []},
          "inactive_coin_candle_ttl_minutes": 10,
          "leverage": 10,
          "market_orders_allowed": true,
          "max_disk_candles_per_symbol_per_tf": 2000000,
          "max_memory_candles_per_symbol": 20000,
          "max_n_cancellations_per_batch": 5,
          "max_n_creations_per_batch": 3,
          "max_n_restarts_per_day": 10,
          "max_warmup_minutes": 0.0,
          "memory_snapshot_interval_minutes": 30.0,
          "minimum_coin_age_days": 30,
          "pnls_max_lookback_days": 30,
          "price_distance_threshold": 0.002,
          "time_in_force": "good_till_cancelled",
          "user": "bybit_01",
          "warmup_ratio": 0.2},
 "logging": {"level": 1},
 "optimize": {"bounds": {"long_close_grid_markup_end": [0.001, 0.03],
                         "long_close_grid_markup_start": [0.001, 0.03],
                         "long_close_grid_qty_pct": [0.05, 0.4],
                         "long_close_trailing_grid_ratio": [-1, -1],
                         "long_close_trailing_qty_pct": [0.05, 0.25],