{
    "adg": 0.005683997449842382,
    "adg_per_exposure_long": 0.0011350061802037543,
    "adg_per_exposure_short": 0.0,
    "adg_w": 0.003993764214475548,
    "adg_w_per_exposure_long": 0.0007974928042643718,
    "adg_w_per_exposure_short": 0.0,
    "calmar_ratio": 0.014778821418263848,
    "calmar_ratio_w": 0.02416180120737957,
    "drawdown_worst": 0.38460424474836863,
    "drawdown_worst_mean_1pct": 0.1682853905398663,
    "equity_balance_diff_neg_max": 0.5253782765186462,
    "equity_balance_diff_neg_mean": 0.0017182967168077898,
    "equity_balance_diff_pos_max": 0.8993208838717949,
    "equity_balance_diff_pos_mean": 0.005657262839912027,
    "equity_choppiness": 1.058254889145171,
    "equity_choppiness_w": 1.0679709651106761,
    "equity_jerkiness": 0.009676600889168462,
    "equity_jerkiness_w": 0.007813105907268084,
    "expected_shortfall_1pct": 0.16361704895524953,
    "exponential_fit_error": 2.7507173843943113,
    "exponential_fit_error_w": 0.306264601787432,
    "gain": 54760.04720997111,
    "gain_per_exposure_long": 10934.732564542244,
    "gain_per_exposure_short": 0.0,
    "loss_profit_ratio": 0.0,
    "loss_profit_ratio_long": 0.0,
    "loss_profit_ratio_short": 1.0,
    "loss_profit_ratio_w": 0.0,
    "mdg": 7.261067233401294e-05,
    "mdg_per_exposure_long": 1.4499225690212051e-05,
    "mdg_per_exposure_short": 0.0,
    "mdg_w": 7.2610672334012936e-06,
    "mdg_w_per_exposure_long": 1.4499225690212052e-06,
    "mdg_w_per_exposure_short": 0.0,
    "omega_ratio": 148.84664313814113,
    "omega_ratio_w": 137.39261035640453,
    "pnl_ratio_long_short": 1.0,
    "position_held_hours_max": 72.25,
    "position_held_hours_mean": 0.43206908228919744,
    "position_held_hours_median": 0.1,
    "position_unchanged_hours_max": 72.25,
    "positions_held_per_day": 3.068051948051948,
    "sharpe_ratio": 0.055126945206456834,
    "sharpe_ratio_w": 0.07226938772869371,
    "sortino_ratio": 0.1572931073534444,
    "sortino_ratio_w": 0.15186681717648215,
    "sterling_ratio": 0.03377594116523062,
    "sterling_ratio_w": 0.03175925366229867,
    "volume_pct_per_day_avg": 1.1319276203079922,
    "volume_pct_per_day_avg_w": 0.9074308315628787
}