{"analysis": {"adg": 0.005683997449842382,
              "adg_per_exposure_long": 0.0011350061802037543,
              "adg_per_exposure_short": 0.0,
              "adg_w": 0.003993764214475548,
              "adg_w_per_exposure_long": 0.0007974928042643718,
              "adg_w_per_exposure_short": 0.0,
              "calmar_ratio": 0.014778821418263848,
              "calmar_ratio_w": 0.02416180120737957,
              "drawdown_worst": 0.38460424474836863,
              "drawdown_worst_mean_1pct": 0.1682853905398663,
              "equity_balance_diff_neg_max": 0.5253782765186462,
              "equity_balance_diff_neg_mean": 0.0017182967168077898,
              "equity_balance_diff_pos_max": 0.8993208838717949,
              "equity_balance_diff_pos_mean": 0.005657262839912027,
              "equity_choppiness": 1.058254889145171,
              "equity_choppiness_w": 1.0679709651106761,
              "equity_jerkiness": 0.009676600889168462,
              "equity_jerkiness_w": 0.007813105907268084,
              "expected_shortfall_1pct": 0.16361704895524953,
              "exponential_fit_error": 2.7507173843943113,
              "exponential_fit_error_w": 0.306264601787432,
              "gain": 54760.04720997111,
              "gain_per_exposure_long": 10934.732564542244,
              "gain_per_exposure_short": 0.0,
              "loss_profit_ratio": 0.0,
              "loss_profit_ratio_long": 0.0,
              "loss_profit_ratio_short": 1.0,
              "loss_profit_ratio_w": 0.0,
              "mdg": 7.261067233401294e-05,
              "mdg_per_exposure_long": 1.4499225690212051e-05,
              "mdg_per_exposure_short": 0.0,
              "mdg_w": 7.2610672334012936e-06,
              "mdg_w_per_exposure_long": 1.4499225690212052e-06,
              "mdg_w_per_exposure_short": 0.0,
              "omega_ratio": 148.84664313814113,
              "omega_ratio_w": 137.39261035640453,
              "pnl_ratio_long_short": 1.0,
              "position_held_hours_max": 72.25,
              "position_held_hours_mean": 0.43206908228919744,
              "position_held_hours_median": 0.1,
              "position_unchanged_hours_max": 72.25,
              "positions_held_per_day": 3.068051948051948,
              "sharpe_ratio": 0.055126945206456834,
              "sharpe_ratio_w": 0.07226938772869371,
              "sortino_ratio": 0.1572931073534444,
              "sortino_ratio_w": 0.15186681717648215,
              "sterling_ratio": 0.03377594116523062,
              "sterling_ratio_w": 0.03175925366229867,
              "volume_pct_per_day_avg": 1.1319276203079922,
              "volume_pct_per_day_avg_w": 0.9074308315628787},
 "backtest": {"base_dir": "backtests/pbgui/VET_only_binance",
              "cache_dir": {"combined": "caches/hlcvs_data/828e3058ef026940"},
              "coins": {"combined": ["VET"]},
              "combine_ohlcvs": true,
              "compress_cache": true,
              "end_date": "2025-06-22",
              "exchanges": ["binance"],
              "gap_tolerance_ohlcvs_minutes": 120,
              "start_date": "2020-01-01",
              "starting_balance": 200,
              "use_btc_collateral": false},
 "bot": {"long": {"close_grid_markup_end": 0.015356,
                  "close_grid_markup_start": 0.028249,
                  "close_grid_qty_pct": 0.16338,
                  "close_trailing_grid_ratio": 0.96825,
                  "close_trailing_qty_pct": 0.076269,
                  "close_trailing_retracement_pct": 0.0032219,
                  "close_trailing_threshold_pct": 0.0032861,
                  "ema_span_0": 100.59,
                  "ema_span_1": 106.74,
                  "enforce_exposure_limit": true,
                  "entry_grid_double_down_factor": 1.7479,
                  "entry_grid_spacing_pct": 0.03866,
                  "entry_grid_spacing_weight": 1.202,
                  "entry_initial_ema_dist": 0.01999,
                  "entry_initial_qty_pct": 0.012068,
                  "entry_trailing_double_down_factor": 9.0734,
                  "entry_trailing_grid_ratio": -0.56573,
                  "entry_trailing_retracement_pct": 0.019083,
                  "entry_trailing_threshold_pct": 0.025916,
                  "filter_noisiness_rolling_window": 60,
                  "filter_volume_drop_pct": 0,
                  "filter_volume_rolling_window": 60,
                  "n_positions": 1,
                  "total_wallet_exposure_limit": 5.0079,
                  "unstuck_close_pct": 0.010564,
                  "unstuck_ema_dist": 0.009338,
                  "unstuck_loss_allowance_pct": 0.23913,
                  "unstuck_threshold": 0.72203},
         "short": {"close_grid_markup_end": 0.001,
                   "close_grid_markup_start": 0.001,
                   "close_grid_qty_pct": 0.1,
                   "close_trailing_grid_ratio": -1,
                   "close_trailing_qty_pct": 0.1,
                   "close_trailing_retracement_pct": 0.003,
                   "close_trailing_threshold_pct": -0.001,
                   "ema_span_0": 200,
                   "ema_span_1": 200,
                   "enforce_exposure_limit": true,
                   "entry_grid_double_down_factor": 0.6,
                   "entry_grid_spacing_pct": 0.01,
                   "entry_grid_spacing_weight": 0.2,
                   "entry_initial_ema_dist": -0.001,
                   "entry_initial_qty_pct": 0.025,
                   "entry_trailing_double_down_factor": 0.1,
                   "entry_trailing_grid_ratio": -1,
                   "entry_trailing_retracement_pct": 0,
                   "entry_trailing_threshold_pct": -0.1,
                   "filter_noisiness_rolling_window": 60,
                   "filter_volume_drop_pct": 0.53,
                   "filter_volume_rolling_window": 60,
                   "n_positions": 0,
                   "total_wallet_exposure_limit": 0,
                   "unstuck_close_pct": 0.005,
                   "unstuck_ema_dist": -0.1,
                   "unstuck_loss_allowance_pct": 0.01,
                   "unstuck_threshold": 0.55}},
 "coin_overrides": {},
 "disable_plotting": false,
 "live": {"approved_coins": {"long": ["VET"], "short": []},
          "auto_gs": true,
          "base_config_path": "/app/pbgui/data/bt_v7/VET_only_binance/backtest.json",
          "empty_means_all_approved": false,
          "execution_delay_seconds": 2,
          "filter_by_min_effective_cost": true,
          "forced_mode_long": "",
          "forced_mode_short": "",
          "ignored_coins": {"long": [], "short": []},
          "leverage": 10,
          "market_orders_allowed": true,
          "max_n_cancellations_per_batch": 5,
          "max_n_creations_per_batch": 3,
          "max_n_restarts_per_day": 10,
          "mimic_backtest_1m_delay": false,
          "minimum_coin_age_days": 30,
          "ohlcvs_1m_rolling_window_days": 4,
          "ohlcvs_1m_update_after_minutes": 10,
          "pnls_max_lookback_days": 30,
          "price_distance_threshold": 0.002,
          "time_in_force": "good_till_cancelled",
          "user": "bybit_01"},
 "optimize": {"bounds": {"long_close_grid_markup_end": [0.001, 0.03],
                         "long_close_grid_markup_start": [0.001, 0.03],
                         "long_close_grid_qty_pct": [0.05, 0.4],
                         "long_close_trailing_grid_ratio": [-1, 1],
                         "long_close_trailing_qty_pct": [0.05, 0.25],
                         "long_close_trailing_retracement_pct": [0.003, 0.01],
                         "long_close_trailing_threshold_pct": [0.001, 0.005],
                         "long_ema_span_0": [100, 800],
                         "long_ema_span_1": [100, 800],
                         "long_entry_grid_double_down_factor": [0.4, 10],
                         "long_entry_grid_spacing_pct": [0.01, 0.12],
                         "long_entry_grid_spacing_weight": [0.2, 2],