{
    "adg": 0.004347890085394379,
    "adg_per_exposure_long": 0.0009004079865379347,
    "adg_per_exposure_short": 0.0,
    "adg_w": 0.0019506247603587213,
    "adg_w_per_exposure_long": 0.00040395641988873453,
    "adg_w_per_exposure_short": 0.0,
    "calmar_ratio": 0.01102113888973647,
    "calmar_ratio_w": 0.008640148871090969,
    "drawdown_worst": 0.39450460872454746,
    "drawdown_worst_mean_1pct": 0.2761377097900763,
    "equity_balance_diff_neg_max": 0.40479306813521154,
    "equity_balance_diff_neg_mean": 0.030017237569416693,
    "equity_balance_diff_pos_max": 0.7031383586681719,
    "equity_balance_diff_pos_mean": 0.0026829578787557723,
    "equity_choppiness": 2.5874731197224743,
    "equity_choppiness_w": 2.5475943649553723,
    "equity_jerkiness": 0.015274254217055356,
    "equity_jerkiness_w": 0.008217879038193186,
    "expected_shortfall_1pct": 0.1757065092048154,
    "exponential_fit_error": 0.5009451721311723,
    "exponential_fit_error_w": 0.05393575685820062,
    "flat_btc_balance_hours": 0.0,
    "gain": 2968.43923845725,
    "gain_per_exposure_long": 614.73642280841,
    "gain_per_exposure_short": 0.0,
    "loss_profit_ratio": 0.06188766136563878,
    "loss_profit_ratio_long": 0.06188766136563878,
    "loss_profit_ratio_short": 1.0,
    "loss_profit_ratio_w": 0.022270398856592356,
    "mdg": 0.00046594346369636865,
    "mdg_per_exposure_long": 9.649259934069927e-05,
    "mdg_per_exposure_short": 0.0,
    "mdg_w": 4.6594346369636865e-05,
    "mdg_w_per_exposure_long": 9.649259934069927e-06,
    "mdg_w_per_exposure_short": 0.0,
    "omega_ratio": 2.6578373972274814,
    "omega_ratio_w": 2.434875758995614,
    "pnl_ratio_long_short": 1.0,
    "position_held_hours_max": 545.3833333333333,
    "position_held_hours_mean": 4.317935578330893,
    "position_held_hours_median": 0.26666666666666666,
    "position_unchanged_hours_max": 282.75,
    "positions_held_per_day": 1.8529571351058058,
    "sharpe_ratio": 0.06679916808356359,
    "sharpe_ratio_w": 0.0527186698816286,
    "sortino_ratio": 0.1145287518970633,
    "sortino_ratio_w": 0.09336832274871223,
    "sterling_ratio": 0.015745368818694504,
    "sterling_ratio_w": 0.010558519334505648,
    "volume_pct_per_day_avg": 1.9819106577133634,
    "volume_pct_per_day_avg_w": 1.0855349694472
}