{
    "adg": 0.011113721549179445,
    "adg_per_exposure_long": 0.002130126413382038,
    "adg_per_exposure_short": 0.0,
    "adg_w": 0.003272904654157105,
    "adg_w_per_exposure_long": 0.0006273056798706453,
    "adg_w_per_exposure_short": 0.0,
    "calmar_ratio": 0.029208459791627114,
    "calmar_ratio_w": 0.04119518824004444,
    "drawdown_worst": 0.38049666529713083,
    "drawdown_worst_mean_1pct": 0.24217870151240362,
    "equity_balance_diff_neg_max": 0.4060889190904906,
    "equity_balance_diff_neg_mean": 0.007815590254040054,
    "equity_balance_diff_pos_max": 0.4959265850946865,
    "equity_balance_diff_pos_mean": 0.020895730746921443,
    "equity_choppiness": 1.3117758463543967,
    "equity_choppiness_w": 1.2453519194806295,
    "equity_jerkiness": 0.018015053022430855,
    "equity_jerkiness_w": 0.00561078577486609,
    "expected_shortfall_1pct": 0.2319178322272204,
    "exponential_fit_error": 1.189791322363751,
    "exponential_fit_error_w": 0.12045140472084784,
    "gain": 7474.864520125463,
    "gain_per_exposure_long": 1432.6799785574162,
    "gain_per_exposure_short": 0.0,
    "loss_profit_ratio": 0.0066792089973947205,
    "loss_profit_ratio_long": 0.0066792089973947205,
    "loss_profit_ratio_short": 1.0,
    "loss_profit_ratio_w": 0.001863120050251596,
    "mdg": 0.00111290723886077,
    "mdg_per_exposure_long": 0.00021330686527020547,
    "mdg_per_exposure_short": 0.0,
    "mdg_w": 0.0010622602062640815,
    "mdg_w_per_exposure_long": 0.0002035995335347264,
    "mdg_w_per_exposure_short": 0.0,
    "omega_ratio": 31.06816706164632,
    "omega_ratio_w": 12.76749328554556,
    "pnl_ratio_long_short": 1.0,
    "position_held_hours_max": 102.11666666666666,
    "position_held_hours_mean": 1.306355772846935,
    "position_held_hours_median": 0.1,
    "position_unchanged_hours_max": 67.95,
    "positions_held_per_day": 3.294919454770756,
    "sharpe_ratio": 0.08707229102314964,
    "sharpe_ratio_w": 0.1494453821816017,
    "sortino_ratio": 0.2325405190347848,
    "sortino_ratio_w": 0.19523363071989733,
    "sterling_ratio": 0.045890581953633255,
    "sterling_ratio_w": 0.044656255428845645,
    "volume_pct_per_day_avg": 2.2800026451538438,
    "volume_pct_per_day_avg_w": 1.087284002550645
}