{"analysis": {"adg": 0.011113721549179445,
              "adg_per_exposure_long": 0.002130126413382038,
              "adg_per_exposure_short": 0.0,
              "adg_w": 0.003272904654157105,
              "adg_w_per_exposure_long": 0.0006273056798706453,
              "adg_w_per_exposure_short": 0.0,
              "calmar_ratio": 0.029208459791627114,
              "calmar_ratio_w": 0.04119518824004444,
              "drawdown_worst": 0.38049666529713083,
              "drawdown_worst_mean_1pct": 0.24217870151240362,
              "equity_balance_diff_neg_max": 0.4060889190904906,
              "equity_balance_diff_neg_mean": 0.007815590254040054,
              "equity_balance_diff_pos_max": 0.4959265850946865,
              "equity_balance_diff_pos_mean": 0.020895730746921443,
              "equity_choppiness": 1.3117758463543967,
              "equity_choppiness_w": 1.2453519194806295,
              "equity_jerkiness": 0.018015053022430855,
              "equity_jerkiness_w": 0.00561078577486609,
              "expected_shortfall_1pct": 0.2319178322272204,
              "exponential_fit_error": 1.189791322363751,
              "exponential_fit_error_w": 0.12045140472084784,
              "gain": 7474.864520125463,
              "gain_per_exposure_long": 1432.6799785574162,
              "gain_per_exposure_short": 0.0,
              "loss_profit_ratio": 0.0066792089973947205,
              "loss_profit_ratio_long": 0.0066792089973947205,
              "loss_profit_ratio_short": 1.0,
              "loss_profit_ratio_w": 0.001863120050251596,
              "mdg": 0.00111290723886077,
              "mdg_per_exposure_long": 0.00021330686527020547,
              "mdg_per_exposure_short": 0.0,
              "mdg_w": 0.0010622602062640815,
              "mdg_w_per_exposure_long": 0.0002035995335347264,
              "mdg_w_per_exposure_short": 0.0,
              "omega_ratio": 31.06816706164632,
              "omega_ratio_w": 12.76749328554556,
              "pnl_ratio_long_short": 1.0,
              "position_held_hours_max": 102.11666666666666,
              "position_held_hours_mean": 1.306355772846935,
              "position_held_hours_median": 0.1,
              "position_unchanged_hours_max": 67.95,
              "positions_held_per_day": 3.294919454770756,
              "sharpe_ratio": 0.08707229102314964,
              "sharpe_ratio_w": 0.1494453821816017,
              "sortino_ratio": 0.2325405190347848,
              "sortino_ratio_w": 0.19523363071989733,
              "sterling_ratio": 0.045890581953633255,
              "sterling_ratio_w": 0.044656255428845645,
              "volume_pct_per_day_avg": 2.2800026451538438,
              "volume_pct_per_day_avg_w": 1.087284002550645},
 "backtest": {"base_dir": "backtests/pbgui/1000PEPE_binance",
              "cache_dir": {"combined": "caches/hlcvs_data/fed2065b0a34267c"},
              "coins": {"combined": ["PEPE"]},
              "combine_ohlcvs": true,
              "compress_cache": true,
              "end_date": "2025-08-03",
              "exchanges": ["binance"],
              "gap_tolerance_ohlcvs_minutes": 120,
              "start_date": "2020-01-01",
              "starting_balance": 200,
              "use_btc_collateral": false},
 "bot": {"long": {"close_grid_markup_end": 0.015389,
                  "close_grid_markup_start": 0.0054465,
                  "close_grid_qty_pct": 0.38057,
                  "close_trailing_grid_ratio": -0.69294,
                  "close_trailing_qty_pct": 0.061256,
                  "close_trailing_retracement_pct": 0.0053686,
                  "close_trailing_threshold_pct": 0.0012772,
                  "ema_span_0": 233,
                  "ema_span_1": 85.875,
                  "enforce_exposure_limit": true,
                  "entry_grid_double_down_factor": 3.315,
                  "entry_grid_spacing_pct": 0.057836,
                  "entry_grid_spacing_weight": 1.3014,
                  "entry_initial_ema_dist": 0.017237,
                  "entry_initial_qty_pct": 0.02,
                  "entry_trailing_double_down_factor": 5.8012,
                  "entry_trailing_grid_ratio": -0.38909,
                  "entry_trailing_retracement_pct": 0.0046372,
                  "entry_trailing_threshold_pct": -0.077233,
                  "filter_noisiness_rolling_window": 60,
                  "filter_volume_drop_pct": 0,
                  "filter_volume_rolling_window": 60,
                  "n_positions": 1,
                  "total_wallet_exposure_limit": 5.2174,
                  "unstuck_close_pct": 0.011579,
                  "unstuck_ema_dist": -0.0049633,
                  "unstuck_loss_allowance_pct": 0.062164,
                  "unstuck_threshold": 0.69183},
         "short": {"close_grid_markup_end": 0.001,
                   "close_grid_markup_start": 0.001,
                   "close_grid_qty_pct": 0.05,
                   "close_trailing_grid_ratio": -1,
                   "close_trailing_qty_pct": 0.05,
                   "close_trailing_retracement_pct": 0,
                   "close_trailing_threshold_pct": -0.1,
                   "ema_span_0": 200,
                   "ema_span_1": 200,
                   "enforce_exposure_limit": true,
                   "entry_grid_double_down_factor": 0.1,
                   "entry_grid_spacing_pct": 0.01,
                   "entry_grid_spacing_weight": 0.2,
                   "entry_initial_ema_dist": -0.1,
                   "entry_initial_qty_pct": 0.025,
                   "entry_trailing_double_down_factor": 0.1,
                   "entry_trailing_grid_ratio": -1,
                   "entry_trailing_retracement_pct": 0,
                   "entry_trailing_threshold_pct": -0.1,
                   "filter_noisiness_rolling_window": 10,
                   "filter_volume_drop_pct": 0,
                   "filter_volume_rolling_window": 10,
                   "n_positions": 0,
                   "total_wallet_exposure_limit": 0,
                   "unstuck_close_pct": 0.005,
                   "unstuck_ema_dist": -0.1,
                   "unstuck_loss_allowance_pct": 0.01,
                   "unstuck_threshold": 0.7}},
 "coin_overrides": {},
 "disable_plotting": false,
 "live": {"approved_coins": {"long": ["1000PEPEUSDT"], "short": []},
          "auto_gs": true,
          "base_config_path": "",
          "empty_means_all_approved": false,
          "execution_delay_seconds": 2,
          "filter_by_min_effective_cost": true,
          "forced_mode_long": "",
          "forced_mode_short": "",
          "ignored_coins": {"long": [], "short": []},
          "leverage": 10,
          "market_orders_allowed": true,
          "max_n_cancellations_per_batch": 5,
          "max_n_creations_per_batch": 3,
          "max_n_restarts_per_day": 10,
          "mimic_backtest_1m_delay": false,
          "minimum_coin_age_days": 30,
          "ohlcvs_1m_rolling_window_days": 4,
          "ohlcvs_1m_update_after_minutes": 10,
          "pnls_max_lookback_days": 30,
          "price_distance_threshold": 0.002,
          "time_in_force": "good_till_cancelled",
          "user": "bybit_01"},
 "optimize": {"bounds": {"long_close_grid_markup_end": [0.001, 0.03],
                         "long_close_grid_markup_start": [0.001, 0.03],
                         "long_close_grid_qty_pct": [0.05, 0.4],
                         "long_close_trailing_grid_ratio": [-0.7, -0.3],
                         "long_close_trailing_qty_pct": [0.05, 0.25],
                         "long_close_trailing_retracement_pct": [0.003, 0.01],
                         "long_close_trailing_threshold_pct": [0.001, 0.005],
                         "long_ema_span_0": [50, 800],
                         "long_ema_span_1": [50, 800],
                         "long_entry_grid_double_down_factor": [0, 10],
                         "long_entry_grid_spacing_pct": [0.01, 0.12],
                         "long_entry_grid_spacing_weight": [0.2, 2],