{
    "adg": 0.01805312658574887,
    "adg_per_exposure_long": 0.0025648746321354915,
    "adg_per_exposure_short": 0.0,
    "adg_w": 0.007542299868101954,
    "adg_w_per_exposure_long": 0.0010715625078995758,
    "adg_w_per_exposure_short": 0.0,
    "calmar_ratio": 0.040675624090545585,
    "calmar_ratio_w": 0.02371650835497885,
    "drawdown_worst": 0.4438315819214446,
    "drawdown_worst_mean_1pct": 0.28912736939337325,
    "equity_balance_diff_neg_max": 0.43482801767323587,
    "equity_balance_diff_neg_mean": 0.011619493039860186,
    "equity_balance_diff_pos_max": 1.1122587087936862,
    "equity_balance_diff_pos_mean": 0.006829676600591017,
    "equity_choppiness": 1.4978357569901806,
    "equity_choppiness_w": 1.950034725979513,
    "equity_jerkiness": 0.03334764153852757,
    "equity_jerkiness_w": 0.023368077395311358,
    "expected_shortfall_1pct": 0.2608236304802804,
    "exponential_fit_error": 0.3960709059067398,
    "exponential_fit_error_w": 0.05577350260027829,
    "gain": 8100.882644590873,
    "gain_per_exposure_long": 1150.92243409071,
    "gain_per_exposure_short": 0.0,
    "loss_profit_ratio": 0.04386889910092988,
    "loss_profit_ratio_long": 0.04386889910092988,
    "loss_profit_ratio_short": 1.0,
    "loss_profit_ratio_w": 0.044112182121833064,
    "mdg": 0.0008684300118450712,
    "mdg_per_exposure_long": 0.00012338107178204064,
    "mdg_per_exposure_short": 0.0,
    "mdg_w": 8.684300118450712e-05,
    "mdg_w_per_exposure_long": 1.2338107178204064e-05,
    "mdg_w_per_exposure_short": 0.0,
    "omega_ratio": 14.388413950057492,
    "omega_ratio_w": 4.666197362531466,
    "pnl_ratio_long_short": 1.0,
    "position_held_hours_max": 145.28333333333333,
    "position_held_hours_mean": 8.336055923473142,
    "position_held_hours_median": 2.566666666666667,
    "position_unchanged_hours_max": 92.26666666666667,
    "positions_held_per_day": 0.9005964214711729,
    "sharpe_ratio": 0.10978196363585112,
    "sharpe_ratio_w": 0.07297880099771896,
    "sortino_ratio": 0.3073983834562763,
    "sortino_ratio_w": 0.12148002794934723,
    "sterling_ratio": 0.062440047179299116,
    "sterling_ratio_w": 0.02658231133622946,
    "volume_pct_per_day_avg": 1.9119910805564255,
    "volume_pct_per_day_avg_w": 1.4473293513474152
}