{
    "adg": 0.005113164934466674,
    "adg_per_exposure_long": 0.0011974344709647722,
    "adg_per_exposure_short": 0.0,
    "adg_w": 0.004334124642240455,
    "adg_w_per_exposure_long": 0.0010149937102738706,
    "adg_w_per_exposure_short": 0.0,
    "calmar_ratio": 0.014677044026030737,
    "calmar_ratio_w": 0.019801170819033927,
    "drawdown_worst": 0.3483783877324431,
    "drawdown_worst_mean_1pct": 0.172452885508515,
    "equity_balance_diff_neg_max": 0.4485291020037313,
    "equity_balance_diff_neg_mean": 0.003012374845097706,
    "equity_balance_diff_pos_max": 0.4329863718151931,
    "equity_balance_diff_pos_mean": 0.0012708889053461429,
    "equity_choppiness": 1.248941194417531,
    "equity_choppiness_w": 1.2618096374748968,
    "equity_jerkiness": 0.009639519773045353,
    "equity_jerkiness_w": 0.009337563973546821,
    "expected_shortfall_1pct": 0.15751916210105238,
    "exponential_fit_error": 1.0577708113923074,
    "exponential_fit_error_w": 0.12374323219290213,
    "gain": 24300.96770012673,
    "gain_per_exposure_long": 5690.959860454493,
    "gain_per_exposure_short": 0.0,
    "loss_profit_ratio": 0.013769876493304262,
    "loss_profit_ratio_long": 0.013769876493304262,
    "loss_profit_ratio_short": 1.0,
    "loss_profit_ratio_w": 0.012279589827104156,
    "mdg": 0.00031273255824948096,
    "mdg_per_exposure_long": 7.3237759829859e-05,
    "mdg_per_exposure_short": 0.0,
    "mdg_w": 0.00022796933649507192,
    "mdg_w_per_exposure_long": 5.3387353105330534e-05,
    "mdg_w_per_exposure_short": 0.0,
    "omega_ratio": 15.105977293618878,
    "omega_ratio_w": 11.441900823897054,
    "pnl_ratio_long_short": 1.0,
    "position_held_hours_max": 312.6666666666667,
    "position_held_hours_mean": 3.334906819578128,
    "position_held_hours_median": 0.43333333333333335,
    "position_unchanged_hours_max": 309.3833333333333,
    "positions_held_per_day": 2.466161616161616,
    "sharpe_ratio": 0.09054209546958149,
    "sharpe_ratio_w": 0.0872693455275916,
    "sortino_ratio": 0.16723435831890127,
    "sortino_ratio_w": 0.14179480746371115,
    "sterling_ratio": 0.029649633981996822,
    "sterling_ratio_w": 0.02477313010337811,
    "volume_pct_per_day_avg": 1.1877698206167968,
    "volume_pct_per_day_avg_w": 1.0196291619831293
}