{"analysis": {"adg": 0.005113164934466674,
              "adg_per_exposure_long": 0.0011974344709647722,
              "adg_per_exposure_short": 0.0,
              "adg_w": 0.004334124642240455,
              "adg_w_per_exposure_long": 0.0010149937102738706,
              "adg_w_per_exposure_short": 0.0,
              "calmar_ratio": 0.014677044026030737,
              "calmar_ratio_w": 0.019801170819033927,
              "drawdown_worst": 0.3483783877324431,
              "drawdown_worst_mean_1pct": 0.172452885508515,
              "equity_balance_diff_neg_max": 0.4485291020037313,
              "equity_balance_diff_neg_mean": 0.003012374845097706,
              "equity_balance_diff_pos_max": 0.4329863718151931,
              "equity_balance_diff_pos_mean": 0.0012708889053461429,
              "equity_choppiness": 1.248941194417531,
              "equity_choppiness_w": 1.2618096374748968,
              "equity_jerkiness": 0.009639519773045353,
              "equity_jerkiness_w": 0.009337563973546821,
              "expected_shortfall_1pct": 0.15751916210105238,
              "exponential_fit_error": 1.0577708113923074,
              "exponential_fit_error_w": 0.12374323219290213,
              "gain": 24300.96770012673,
              "gain_per_exposure_long": 5690.959860454493,
              "gain_per_exposure_short": 0.0,
              "loss_profit_ratio": 0.013769876493304262,
              "loss_profit_ratio_long": 0.013769876493304262,
              "loss_profit_ratio_short": 1.0,
              "loss_profit_ratio_w": 0.012279589827104156,
              "mdg": 0.00031273255824948096,
              "mdg_per_exposure_long": 7.3237759829859e-05,
              "mdg_per_exposure_short": 0.0,
              "mdg_w": 0.00022796933649507192,
              "mdg_w_per_exposure_long": 5.3387353105330534e-05,
              "mdg_w_per_exposure_short": 0.0,
              "omega_ratio": 15.105977293618878,
              "omega_ratio_w": 11.441900823897054,
              "pnl_ratio_long_short": 1.0,
              "position_held_hours_max": 312.6666666666667,
              "position_held_hours_mean": 3.334906819578128,
              "position_held_hours_median": 0.43333333333333335,
              "position_unchanged_hours_max": 309.3833333333333,
              "positions_held_per_day": 2.466161616161616,
              "sharpe_ratio": 0.09054209546958149,
              "sharpe_ratio_w": 0.0872693455275916,
              "sortino_ratio": 0.16723435831890127,
              "sortino_ratio_w": 0.14179480746371115,
              "sterling_ratio": 0.029649633981996822,
              "sterling_ratio_w": 0.02477313010337811,
              "volume_pct_per_day_avg": 1.1877698206167968,
              "volume_pct_per_day_avg_w": 1.0196291619831293},
 "backtest": {"base_dir": "backtests/pbgui/XRP_binance",
              "cache_dir": {"combined": "caches/hlcvs_data/f97fdec47ad8f30e"},
              "coins": {"combined": ["XRP"]},
              "combine_ohlcvs": true,
              "compress_cache": true,
              "end_date": "2025-06-28",
              "exchanges": ["binance"],
              "gap_tolerance_ohlcvs_minutes": 120,
              "start_date": "2020-01-01",
              "starting_balance": 200,
              "use_btc_collateral": false},
 "bot": {"long": {"close_grid_markup_end": 0.019884,
                  "close_grid_markup_start": 0.022291,
                  "close_grid_qty_pct": 0.22051,
                  "close_trailing_grid_ratio": 0.26321,
                  "close_trailing_qty_pct": 0.11872,
                  "close_trailing_retracement_pct": 0.0068112,
                  "close_trailing_threshold_pct": 0.0048928,
                  "ema_span_0": 277.19,
                  "ema_span_1": 301.56,
                  "enforce_exposure_limit": true,
                  "entry_grid_double_down_factor": 5.8326,
                  "entry_grid_spacing_pct": 0.084122,
                  "entry_grid_spacing_weight": 0.42021,
                  "entry_initial_ema_dist": 0.01498,
                  "entry_initial_qty_pct": 0.021444,
                  "entry_trailing_double_down_factor": 3.8059,
                  "entry_trailing_grid_ratio": -0.42732,
                  "entry_trailing_retracement_pct": 0.020297,
                  "entry_trailing_threshold_pct": -0.037666,
                  "filter_noisiness_rolling_window": 60,
                  "filter_volume_drop_pct": 0,
                  "filter_volume_rolling_window": 60,
                  "n_positions": 1,
                  "total_wallet_exposure_limit": 4.2701,
                  "unstuck_close_pct": 0.0066952,
                  "unstuck_ema_dist": 0.0072388,
                  "unstuck_loss_allowance_pct": 0.13038,
                  "unstuck_threshold": 0.64207},
         "short": {"close_grid_markup_end": 0.001,
                   "close_grid_markup_start": 0.001,
                   "close_grid_qty_pct": 0.1,
                   "close_trailing_grid_ratio": -1,
                   "close_trailing_qty_pct": 0.1,
                   "close_trailing_retracement_pct": 0.003,
                   "close_trailing_threshold_pct": -0.001,
                   "ema_span_0": 200,
                   "ema_span_1": 200,
                   "enforce_exposure_limit": true,
                   "entry_grid_double_down_factor": 0.6,
                   "entry_grid_spacing_pct": 0.01,
                   "entry_grid_spacing_weight": 0.2,
                   "entry_initial_ema_dist": -0.001,
                   "entry_initial_qty_pct": 0.025,
                   "entry_trailing_double_down_factor": 0.1,
                   "entry_trailing_grid_ratio": -1,
                   "entry_trailing_retracement_pct": 0,
                   "entry_trailing_threshold_pct": -0.1,
                   "filter_noisiness_rolling_window": 60,
                   "filter_volume_drop_pct": 0.53,
                   "filter_volume_rolling_window": 60,
                   "n_positions": 0,
                   "total_wallet_exposure_limit": 0,
                   "unstuck_close_pct": 0.005,
                   "unstuck_ema_dist": -0.1,
                   "unstuck_loss_allowance_pct": 0.01,
                   "unstuck_threshold": 0.55}},
 "coin_overrides": {},
 "disable_plotting": false,
 "live": {"approved_coins": {"long": ["XRP"], "short": []},
          "auto_gs": true,
          "base_config_path": "/app/pbgui/data/bt_v7/XRP_binance/backtest.json",
          "empty_means_all_approved": false,
          "execution_delay_seconds": 2,
          "filter_by_min_effective_cost": true,
          "forced_mode_long": "",
          "forced_mode_short": "",
          "ignored_coins": {"long": [], "short": []},
          "leverage": 10,
          "market_orders_allowed": true,
          "max_n_cancellations_per_batch": 5,
          "max_n_creations_per_batch": 3,
          "max_n_restarts_per_day": 10,
          "mimic_backtest_1m_delay": false,
          "minimum_coin_age_days": 30,
          "ohlcvs_1m_rolling_window_days": 4,
          "ohlcvs_1m_update_after_minutes": 10,
          "pnls_max_lookback_days": 30,
          "price_distance_threshold": 0.002,
          "time_in_force": "good_till_cancelled",
          "user": "bybit_01"},
 "optimize": {"bounds": {"long_close_grid_markup_end": [0.001, 0.03],
                         "long_close_grid_markup_start": [0.001, 0.03],
                         "long_close_grid_qty_pct": [0.05, 0.4],
                         "long_close_trailing_grid_ratio": [-1, 1],
                         "long_close_trailing_qty_pct": [0.05, 0.25],
                         "long_close_trailing_retracement_pct": [0.003, 0.01],
                         "long_close_trailing_threshold_pct": [0.001, 0.005],
                         "long_ema_span_0": [100, 800],
                         "long_ema_span_1": [100, 800],
                         "long_entry_grid_double_down_factor": [0.4, 10],
                         "long_entry_grid_spacing_pct": [0.01, 0.12],