{
    "adg": 0.02283709342645901,
    "adg_per_exposure_long": 0.00457501320721578,
    "adg_per_exposure_short": 0.0,
    "adg_w": 0.004148907425669457,
    "adg_w_per_exposure_long": 0.0008311612127470515,
    "adg_w_per_exposure_short": 0.0,
    "calmar_ratio": 0.07285813557445897,
    "calmar_ratio_w": 0.013235020284599044,
    "drawdown_worst": 0.3134460310629297,
    "drawdown_worst_mean_1pct": 0.2816509762623094,
    "equity_balance_diff_neg_max": 0.5831035174170092,
    "equity_balance_diff_neg_mean": 0.03238730420374564,
    "equity_balance_diff_pos_max": 0.4285976406882619,
    "equity_balance_diff_pos_mean": 0.012495978560706547,
    "equity_choppiness": 1.3167779093451453,
    "equity_choppiness_w": 54.78101660083077,
    "equity_jerkiness": 0.035527915052570774,
    "equity_jerkiness_w": 0.015435220655179622,
    "expected_shortfall_1pct": 0.25198436607104363,
    "exponential_fit_error": 0.7147220960821108,
    "exponential_fit_error_w": 0.07490357486673418,
    "gain": 486.3765457672628,
    "gain_per_exposure_long": 97.43705466419513,
    "gain_per_exposure_short": 0.0,
    "loss_profit_ratio": 0.12821325617694285,
    "loss_profit_ratio_long": 0.12821325617694285,
    "loss_profit_ratio_short": 1.0,
    "loss_profit_ratio_w": 0.6267624285274369,
    "mdg": 0.0009542412501780809,
    "mdg_per_exposure_long": 0.0001911655849065611,
    "mdg_per_exposure_short": 0.0,
    "mdg_w": 9.542412501780809e-05,
    "mdg_w_per_exposure_long": 1.9116558490656108e-05,
    "mdg_w_per_exposure_short": 0.0,
    "omega_ratio": 13.33066952954249,
    "omega_ratio_w": 3.9918828409271656,
    "pnl_ratio_long_short": 1.0,
    "position_held_hours_max": 12.75,
    "position_held_hours_mean": 0.1475156975156975,
    "position_held_hours_median": 0.06666666666666667,
    "position_unchanged_hours_max": 4.85,
    "positions_held_per_day": 4.456204379562044,
    "sharpe_ratio": 0.16861026762947226,
    "sharpe_ratio_w": 0.04646904305625276,
    "sortino_ratio": 0.278637499216161,
    "sortino_ratio_w": 0.05568846532142201,
    "sterling_ratio": 0.08108295497328648,
    "sterling_ratio_w": 0.014057502224481794,
    "volume_pct_per_day_avg": 6.447928287478359,
    "volume_pct_per_day_avg_w": 3.9625505969123744
}