{"analysis": {"adg": 0.02283709342645901,
              "adg_per_exposure_long": 0.00457501320721578,
              "adg_per_exposure_short": 0.0,
              "adg_w": 0.004148907425669457,
              "adg_w_per_exposure_long": 0.0008311612127470515,
              "adg_w_per_exposure_short": 0.0,
              "calmar_ratio": 0.07285813557445897,
              "calmar_ratio_w": 0.013235020284599044,
              "drawdown_worst": 0.3134460310629297,
              "drawdown_worst_mean_1pct": 0.2816509762623094,
              "equity_balance_diff_neg_max": 0.5831035174170092,
              "equity_balance_diff_neg_mean": 0.03238730420374564,
              "equity_balance_diff_pos_max": 0.4285976406882619,
              "equity_balance_diff_pos_mean": 0.012495978560706547,
              "equity_choppiness": 1.3167779093451453,
              "equity_choppiness_w": 54.78101660083077,
              "equity_jerkiness": 0.035527915052570774,
              "equity_jerkiness_w": 0.015435220655179622,
              "expected_shortfall_1pct": 0.25198436607104363,
              "exponential_fit_error": 0.7147220960821108,
              "exponential_fit_error_w": 0.07490357486673418,
              "gain": 486.3765457672628,
              "gain_per_exposure_long": 97.43705466419513,
              "gain_per_exposure_short": 0.0,
              "loss_profit_ratio": 0.12821325617694285,
              "loss_profit_ratio_long": 0.12821325617694285,
              "loss_profit_ratio_short": 1.0,
              "loss_profit_ratio_w": 0.6267624285274369,
              "mdg": 0.0009542412501780809,
              "mdg_per_exposure_long": 0.0001911655849065611,
              "mdg_per_exposure_short": 0.0,
              "mdg_w": 9.542412501780809e-05,
              "mdg_w_per_exposure_long": 1.9116558490656108e-05,
              "mdg_w_per_exposure_short": 0.0,
              "omega_ratio": 13.33066952954249,
              "omega_ratio_w": 3.9918828409271656,
              "pnl_ratio_long_short": 1.0,
              "position_held_hours_max": 12.75,
              "position_held_hours_mean": 0.1475156975156975,
              "position_held_hours_median": 0.06666666666666667,
              "position_unchanged_hours_max": 4.85,
              "positions_held_per_day": 4.456204379562044,
              "sharpe_ratio": 0.16861026762947226,
              "sharpe_ratio_w": 0.04646904305625276,
              "sortino_ratio": 0.278637499216161,
              "sortino_ratio_w": 0.05568846532142201,
              "sterling_ratio": 0.08108295497328648,
              "sterling_ratio_w": 0.014057502224481794,
              "volume_pct_per_day_avg": 6.447928287478359,
              "volume_pct_per_day_avg_w": 3.9625505969123744},
 "backtest": {"base_dir": "backtests/pbgui/FART_binance",
              "cache_dir": {"combined": "caches/hlcvs_data/ccf429835fefdcdc"},
              "coins": {"combined": ["FARTCOIN"]},
              "combine_ohlcvs": true,
              "compress_cache": true,
              "end_date": "2025-10-01",
              "exchanges": ["binance"],
              "gap_tolerance_ohlcvs_minutes": 120,
              "start_date": "2020-01-01",
              "starting_balance": 200,
              "use_btc_collateral": false},
 "bot": {"long": {"close_grid_markup_end": 0.0043143,
                  "close_grid_markup_start": 0.028108,
                  "close_grid_qty_pct": 0.16109,
                  "close_trailing_grid_ratio": 0.91982,
                  "close_trailing_qty_pct": 0.24298,
                  "close_trailing_retracement_pct": 0.003489,
                  "close_trailing_threshold_pct": 0.0027756,
                  "ema_span_0": 17.759,
                  "ema_span_1": 699.47,
                  "enforce_exposure_limit": true,
                  "entry_grid_double_down_factor": 6.3715,
                  "entry_grid_spacing_pct": 0.022694,
                  "entry_grid_spacing_weight": 0.58232,
                  "entry_initial_ema_dist": 0.018462,
                  "entry_initial_qty_pct": 0.028264,
                  "entry_trailing_double_down_factor": 7.2424,
                  "entry_trailing_grid_ratio": -0.15229,
                  "entry_trailing_retracement_pct": 0.035253,
                  "entry_trailing_threshold_pct": -0.045742,
                  "filter_noisiness_rolling_window": 60,
                  "filter_volume_drop_pct": 0,
                  "filter_volume_rolling_window": 60,
                  "n_positions": 1,
                  "total_wallet_exposure_limit": 4.9917,
                  "unstuck_close_pct": 0.03148,
                  "unstuck_ema_dist": -0.066628,
                  "unstuck_loss_allowance_pct": 0.20159,
                  "unstuck_threshold": 0.61636},
         "short": {"close_grid_markup_end": 0.001,
                   "close_grid_markup_start": 0.001,
                   "close_grid_qty_pct": 0.05,
                   "close_trailing_grid_ratio": -1,
                   "close_trailing_qty_pct": 0.05,
                   "close_trailing_retracement_pct": 0,
                   "close_trailing_threshold_pct": -0.1,
                   "ema_span_0": 200,
                   "ema_span_1": 200,
                   "enforce_exposure_limit": true,
                   "entry_grid_double_down_factor": 0.1,
                   "entry_grid_spacing_pct": 0.01,
                   "entry_grid_spacing_weight": 0.2,
                   "entry_initial_ema_dist": -0.1,
                   "entry_initial_qty_pct": 0.025,
                   "entry_trailing_double_down_factor": 0.1,
                   "entry_trailing_grid_ratio": -1,
                   "entry_trailing_retracement_pct": 0,
                   "entry_trailing_threshold_pct": -0.1,
                   "filter_noisiness_rolling_window": 10,
                   "filter_volume_drop_pct": 0,
                   "filter_volume_rolling_window": 10,
                   "n_positions": 0,
                   "total_wallet_exposure_limit": 0,
                   "unstuck_close_pct": 0.005,
                   "unstuck_ema_dist": -0.1,
                   "unstuck_loss_allowance_pct": 0.01,
                   "unstuck_threshold": 0.7}},
 "coin_overrides": {},
 "disable_plotting": false,
 "live": {"approved_coins": {"long": ["FARTCOIN"], "short": []},
          "auto_gs": true,
          "base_config_path": "/app/pbgui/data/bt_v7/FART_binance/backtest.json",
          "empty_means_all_approved": false,
          "execution_delay_seconds": 2,
          "filter_by_min_effective_cost": true,
          "forced_mode_long": "",
          "forced_mode_short": "",
          "ignored_coins": {"long": [], "short": []},
          "leverage": 10,
          "market_orders_allowed": true,
          "max_n_cancellations_per_batch": 5,
          "max_n_creations_per_batch": 3,
          "max_n_restarts_per_day": 10,
          "mimic_backtest_1m_delay": false,
          "minimum_coin_age_days": 30,
          "ohlcvs_1m_rolling_window_days": 4,
          "ohlcvs_1m_update_after_minutes": 10,
          "pnls_max_lookback_days": 30,
          "price_distance_threshold": 0.002,
          "time_in_force": "good_till_cancelled",
          "user": "bybit_01"},
 "optimize": {"bounds": {"long_close_grid_markup_end": [0.001, 0.03],
                         "long_close_grid_markup_start": [0.001, 0.03],
                         "long_close_grid_qty_pct": [0.05, 0.4],
                         "long_close_trailing_grid_ratio": [-1, 1],
                         "long_close_trailing_qty_pct": [0.05, 0.25],
                         "long_close_trailing_retracement_pct": [0.003, 0.01],
                         "long_close_trailing_threshold_pct": [0.001, 0.005],
                         "long_ema_span_0": [1, 800],
                         "long_ema_span_1": [1, 800],
                         "long_entry_grid_double_down_factor": [0, 10],
                         "long_entry_grid_spacing_pct": [0.01, 0.12],