{
    "adg": 0.002960934486907263,
    "adg_per_exposure_long": 0.0006131822578916631,
    "adg_per_exposure_short": 0.0,
    "adg_w": 0.0019474901230007945,
    "adg_w_per_exposure_long": 0.00040330726536630103,
    "adg_w_per_exposure_short": 0.0,
    "calmar_ratio": 0.008259070182326063,
    "calmar_ratio_w": 0.011641582709505651,
    "drawdown_worst": 0.3585070015803345,
    "drawdown_worst_mean_1pct": 0.2737752763935917,
    "equity_balance_diff_neg_max": 0.40731589033527615,
    "equity_balance_diff_neg_mean": 0.028891740921006333,
    "equity_balance_diff_pos_max": 0.6069882961189174,
    "equity_balance_diff_pos_mean": 0.0027087625705298503,
    "equity_choppiness": 2.829402464602498,
    "equity_choppiness_w": 2.4406778866798637,
    "equity_jerkiness": 0.014579671408705242,
    "equity_jerkiness_w": 0.00890612875279933,
    "expected_shortfall_1pct": 0.15231611150110022,
    "exponential_fit_error": 0.12163137348771397,
    "exponential_fit_error_w": 0.015650065065456714,
    "flat_btc_balance_hours": 0.0,
    "gain": 109.40062161940881,
    "gain_per_exposure_long": 22.655861004682077,
    "gain_per_exposure_short": 0.0,
    "loss_profit_ratio": 0.05427842137410648,
    "loss_profit_ratio_long": 0.05427842137410648,
    "loss_profit_ratio_short": 1.0,
    "loss_profit_ratio_w": 0.017819170193493064,
    "mdg": 0.0003649701203455113,
    "mdg_per_exposure_long": 7.558195003841768e-05,
    "mdg_per_exposure_short": 0.0,
    "mdg_w": 3.649701203455113e-05,
    "mdg_w_per_exposure_long": 7.558195003841768e-06,
    "mdg_w_per_exposure_short": 0.0,
    "omega_ratio": 2.2082105693557548,
    "omega_ratio_w": 2.454514460019468,
    "pnl_ratio_long_short": 1.0,
    "position_held_hours_max": 545.6333333333333,
    "position_held_hours_mean": 5.419235695986337,
    "position_held_hours_median": 0.21666666666666667,
    "position_unchanged_hours_max": 282.75,
    "positions_held_per_day": 1.475087816905197,
    "sharpe_ratio": 0.04181097113358499,
    "sharpe_ratio_w": 0.06199789764605392,
    "sortino_ratio": 0.09370242018443271,
    "sortino_ratio_w": 0.09809269624931719,
    "sterling_ratio": 0.010815200429751332,
    "sterling_ratio_w": 0.012456265661246671,
    "volume_pct_per_day_avg": 1.6426501777215485,
    "volume_pct_per_day_avg_w": 1.0949217436711625
}