{"analysis": {"adg": 0.002960934486907263,
              "adg_per_exposure_long": 0.0006131822578916631,
              "adg_per_exposure_short": 0.0,
              "adg_w": 0.0019474901230007945,
              "adg_w_per_exposure_long": 0.00040330726536630103,
              "adg_w_per_exposure_short": 0.0,
              "calmar_ratio": 0.008259070182326063,
              "calmar_ratio_w": 0.011641582709505651,
              "drawdown_worst": 0.3585070015803345,
              "drawdown_worst_mean_1pct": 0.2737752763935917,
              "equity_balance_diff_neg_max": 0.40731589033527615,
              "equity_balance_diff_neg_mean": 0.028891740921006333,
              "equity_balance_diff_pos_max": 0.6069882961189174,
              "equity_balance_diff_pos_mean": 0.0027087625705298503,
              "equity_choppiness": 2.829402464602498,
              "equity_choppiness_w": 2.4406778866798637,
              "equity_jerkiness": 0.014579671408705242,
              "equity_jerkiness_w": 0.00890612875279933,
              "expected_shortfall_1pct": 0.15231611150110022,
              "exponential_fit_error": 0.12163137348771397,
              "exponential_fit_error_w": 0.015650065065456714,
              "flat_btc_balance_hours": 0.0,
              "gain": 109.40062161940881,
              "gain_per_exposure_long": 22.655861004682077,
              "gain_per_exposure_short": 0.0,
              "loss_profit_ratio": 0.05427842137410648,
              "loss_profit_ratio_long": 0.05427842137410648,
              "loss_profit_ratio_short": 1.0,
              "loss_profit_ratio_w": 0.017819170193493064,
              "mdg": 0.0003649701203455113,
              "mdg_per_exposure_long": 7.558195003841768e-05,
              "mdg_per_exposure_short": 0.0,
              "mdg_w": 3.649701203455113e-05,
              "mdg_w_per_exposure_long": 7.558195003841768e-06,
              "mdg_w_per_exposure_short": 0.0,
              "omega_ratio": 2.2082105693557548,
              "omega_ratio_w": 2.454514460019468,
              "pnl_ratio_long_short": 1.0,
              "position_held_hours_max": 545.6333333333333,
              "position_held_hours_mean": 5.419235695986337,
              "position_held_hours_median": 0.21666666666666667,
              "position_unchanged_hours_max": 282.75,
              "positions_held_per_day": 1.475087816905197,
              "sharpe_ratio": 0.04181097113358499,
              "sharpe_ratio_w": 0.06199789764605392,
              "sortino_ratio": 0.09370242018443271,
              "sortino_ratio_w": 0.09809269624931719,
              "sterling_ratio": 0.010815200429751332,
              "sterling_ratio_w": 0.012456265661246671,
              "volume_pct_per_day_avg": 1.6426501777215485,
              "volume_pct_per_day_avg_w": 1.0949217436711625},
 "backtest": {"base_dir": "backtests/pbgui/SOL_bybit_bymani",
              "cache_dir": {"combined": "caches/hlcvs_data/a723b0f7745c3d7b"},
              "coins": {"combined": ["SOL"]},
              "combine_ohlcvs": true,
              "compress_cache": true,
              "end_date": "2025-11-03",
              "exchanges": ["bybit"],
              "gap_tolerance_ohlcvs_minutes": 120,
              "start_date": "2020-01-01",
              "starting_balance": 200,
              "use_btc_collateral": false},
 "bot": {"long": {"close_grid_markup_end": 0.0041541,
                  "close_grid_markup_start": 0.0097311,
                  "close_grid_qty_pct": 0.29695,
                  "close_trailing_grid_ratio": -1,
                  "close_trailing_qty_pct": 0.050695,
                  "close_trailing_retracement_pct": 0.0030679,
                  "close_trailing_threshold_pct": 0.0049988,
                  "ema_span_0": 12.465,
                  "ema_span_1": 12.513,
                  "enforce_exposure_limit": true,
                  "entry_grid_double_down_factor": 1.2108,
                  "entry_grid_spacing_log_span_hours": 243.91,
                  "entry_grid_spacing_log_weight": 98.977,
                  "entry_grid_spacing_pct": 0.083689,
                  "entry_grid_spacing_we_weight": 3.9918,
                  "entry_initial_ema_dist": 0.011217,
                  "entry_initial_qty_pct": 0.051174,
                  "entry_trailing_double_down_factor": 1.1608,
                  "entry_trailing_grid_ratio": -1,
                  "entry_trailing_retracement_pct": 0.085449,
                  "entry_trailing_threshold_pct": 0.08185,
                  "filter_log_range_ema_span": 60,
                  "filter_volume_drop_pct": 0,
                  "filter_volume_ema_span": 215.41,
                  "n_positions": 1,
                  "total_wallet_exposure_limit": 4.8288,
                  "unstuck_close_pct": 0.0054814,
                  "unstuck_ema_dist": -0.033358,
                  "unstuck_loss_allowance_pct": 0.14871,
                  "unstuck_threshold": 0.57428},
         "short": {"close_grid_markup_end": 0.001,
                   "close_grid_markup_start": 0.001,
                   "close_grid_qty_pct": 0.1,
                   "close_trailing_grid_ratio": -1,
                   "close_trailing_qty_pct": 0.1,
                   "close_trailing_retracement_pct": 0.003,
                   "close_trailing_threshold_pct": -0.001,
                   "ema_span_0": 200,
                   "ema_span_1": 200,
                   "enforce_exposure_limit": true,
                   "entry_grid_double_down_factor": 0.6,
                   "entry_grid_spacing_log_span_hours": 24,
                   "entry_grid_spacing_log_weight": 0,
                   "entry_grid_spacing_pct": 0.01,
                   "entry_grid_spacing_we_weight": 0,
                   "entry_initial_ema_dist": -0.001,
                   "entry_initial_qty_pct": 0.025,
                   "entry_trailing_double_down_factor": 0.1,
                   "entry_trailing_grid_ratio": -1,
                   "entry_trailing_retracement_pct": 0,
                   "entry_trailing_threshold_pct": -0.1,
                   "filter_log_range_ema_span": 60,
                   "filter_volume_drop_pct": 0.53,
                   "filter_volume_ema_span": 10,
                   "n_positions": 0,
                   "total_wallet_exposure_limit": 0,
                   "unstuck_close_pct": 0.005,
                   "unstuck_ema_dist": -0.1,
                   "unstuck_loss_allowance_pct": 0.01,
                   "unstuck_threshold": 0.55}},
 "coin_overrides": {},
 "disable_plotting": false,
 "live": {"approved_coins": {"long": ["SOL"], "short": []},
          "auto_gs": true,
          "base_config_path": "/app/pbgui/data/bt_v7/SOL_bybit_bymani/backtest.json",
          "empty_means_all_approved": false,
          "execution_delay_seconds": 2,
          "filter_by_min_effective_cost": true,
          "forced_mode_long": "",
          "forced_mode_short": "",
          "ignored_coins": {"long": [], "short": []},
          "inactive_coin_candle_ttl_minutes": 10,
          "leverage": 10,
          "market_orders_allowed": true,
          "max_disk_candles_per_symbol_per_tf": 2000000,
          "max_memory_candles_per_symbol": 20000,
          "max_n_cancellations_per_batch": 5,
          "max_n_creations_per_batch": 3,
          "max_n_restarts_per_day": 10,
          "max_warmup_minutes": 0.0,
          "memory_snapshot_interval_minutes": 30.0,
          "minimum_coin_age_days": 30,
          "pnls_max_lookback_days": 30,
          "price_distance_threshold": 0.002,
          "time_in_force": "good_till_cancelled",
          "user": "bybit_01",
          "warmup_ratio": 0.2},
 "logging": {"level": 1},
 "optimize": {"bounds": {"long_close_grid_markup_end": [0.001, 0.03],
                         "long_close_grid_markup_start": [0.001, 0.03],
                         "long_close_grid_qty_pct": [0.05, 0.4],
                         "long_close_trailing_grid_ratio": [-1, -1],
                         "long_close_trailing_qty_pct": [0.05, 0.25],