{
    "adg": 0.007135753763991559,
    "adg_per_exposure_long": 0.0013786232156088793,
    "adg_per_exposure_short": 0.0,
    "adg_w": 0.0034366974643941896,
    "adg_w_per_exposure_long": 0.0006639678254239161,
    "adg_w_per_exposure_short": 0.0,
    "calmar_ratio": 0.014301858457422831,
    "calmar_ratio_w": 0.014912691974565486,
    "drawdown_worst": 0.49893891659150214,
    "drawdown_worst_mean_1pct": 0.27450893437875895,
    "equity_balance_diff_neg_max": 0.600681519003869,
    "equity_balance_diff_neg_mean": 0.001781071833920357,
    "equity_balance_diff_pos_max": 0.7324794661403735,
    "equity_balance_diff_pos_mean": 0.0005209583236919676,
    "equity_choppiness": 1.3045540359806347,
    "equity_choppiness_w": 1.2652828145676402,
    "equity_jerkiness": 0.010842372401460285,
    "equity_jerkiness_w": 0.0063285054927265634,
    "expected_shortfall_1pct": 0.2693256967856917,
    "exponential_fit_error": 0.7792355256586021,
    "exponential_fit_error_w": 0.08488591117284201,
    "gain": 176415.03468177805,
    "gain_per_exposure_long": 34083.27563403749,
    "gain_per_exposure_short": 0.0,
    "loss_profit_ratio": 0.01777960225580546,
    "loss_profit_ratio_long": 0.01777960225580546,
    "loss_profit_ratio_short": 1.0,
    "loss_profit_ratio_w": 0.027348864988504428,
    "mdg": 0.00129602685661788,
    "mdg_per_exposure_long": 0.0002503915874454946,
    "mdg_per_exposure_short": 0.0,
    "mdg_w": 0.0007977624061443719,
    "mdg_w_per_exposure_long": 0.00015412720366004092,
    "mdg_w_per_exposure_short": 0.0,
    "omega_ratio": 27.74756434094043,
    "omega_ratio_w": 14.420456200818574,
    "pnl_ratio_long_short": 1.0,
    "position_held_hours_max": 72.18333333333334,
    "position_held_hours_mean": 1.4471532751234508,
    "position_held_hours_median": 0.4166666666666667,
    "position_unchanged_hours_max": 52.18333333333333,
    "positions_held_per_day": 5.9994114184814595,
    "sharpe_ratio": 0.06365351299213716,
    "sharpe_ratio_w": 0.08137763450332006,
    "sortino_ratio": 0.1312936502340603,
    "sortino_ratio_w": 0.11074328301937357,
    "sterling_ratio": 0.025994613909891422,
    "sterling_ratio_w": 0.01907718679788162,
    "volume_pct_per_day_avg": 1.9278301652096594,
    "volume_pct_per_day_avg_w": 1.1589507377158212
}