{"analysis": {"adg": 0.007135753763991559,
              "adg_per_exposure_long": 0.0013786232156088793,
              "adg_per_exposure_short": 0.0,
              "adg_w": 0.0034366974643941896,
              "adg_w_per_exposure_long": 0.0006639678254239161,
              "adg_w_per_exposure_short": 0.0,
              "calmar_ratio": 0.014301858457422831,
              "calmar_ratio_w": 0.014912691974565486,
              "drawdown_worst": 0.49893891659150214,
              "drawdown_worst_mean_1pct": 0.27450893437875895,
              "equity_balance_diff_neg_max": 0.600681519003869,
              "equity_balance_diff_neg_mean": 0.001781071833920357,
              "equity_balance_diff_pos_max": 0.7324794661403735,
              "equity_balance_diff_pos_mean": 0.0005209583236919676,
              "equity_choppiness": 1.3045540359806347,
              "equity_choppiness_w": 1.2652828145676402,
              "equity_jerkiness": 0.010842372401460285,
              "equity_jerkiness_w": 0.0063285054927265634,
              "expected_shortfall_1pct": 0.2693256967856917,
              "exponential_fit_error": 0.7792355256586021,
              "exponential_fit_error_w": 0.08488591117284201,
              "gain": 176415.03468177805,
              "gain_per_exposure_long": 34083.27563403749,
              "gain_per_exposure_short": 0.0,
              "loss_profit_ratio": 0.01777960225580546,
              "loss_profit_ratio_long": 0.01777960225580546,
              "loss_profit_ratio_short": 1.0,
              "loss_profit_ratio_w": 0.027348864988504428,
              "mdg": 0.00129602685661788,
              "mdg_per_exposure_long": 0.0002503915874454946,
              "mdg_per_exposure_short": 0.0,
              "mdg_w": 0.0007977624061443719,
              "mdg_w_per_exposure_long": 0.00015412720366004092,
              "mdg_w_per_exposure_short": 0.0,
              "omega_ratio": 27.74756434094043,
              "omega_ratio_w": 14.420456200818574,
              "pnl_ratio_long_short": 1.0,
              "position_held_hours_max": 72.18333333333334,
              "position_held_hours_mean": 1.4471532751234508,
              "position_held_hours_median": 0.4166666666666667,
              "position_unchanged_hours_max": 52.18333333333333,
              "positions_held_per_day": 5.9994114184814595,
              "sharpe_ratio": 0.06365351299213716,
              "sharpe_ratio_w": 0.08137763450332006,
              "sortino_ratio": 0.1312936502340603,
              "sortino_ratio_w": 0.11074328301937357,
              "sterling_ratio": 0.025994613909891422,
              "sterling_ratio_w": 0.01907718679788162,
              "volume_pct_per_day_avg": 1.9278301652096594,
              "volume_pct_per_day_avg_w": 1.1589507377158212},
 "backtest": {"base_dir": "backtests/pbgui/SOL_binance_bymani",
              "cache_dir": {"combined": "caches/hlcvs_data/c98cd40be94db1ae"},
              "coins": {"combined": ["SOL"]},
              "combine_ohlcvs": true,
              "compress_cache": true,
              "end_date": "2025-06-09",
              "exchanges": ["binance"],
              "gap_tolerance_ohlcvs_minutes": 120,
              "start_date": "2020-01-01",
              "starting_balance": 200,
              "use_btc_collateral": false},
 "bot": {"long": {"close_grid_markup_end": 0.0070547,
                  "close_grid_markup_start": 0.007279,
                  "close_grid_qty_pct": 0.26716,
                  "close_trailing_grid_ratio": 0.15167,
                  "close_trailing_qty_pct": 0.24494,
                  "close_trailing_retracement_pct": 0.0055192,
                  "close_trailing_threshold_pct": 0.0049513,
                  "ema_span_0": 202.51,
                  "ema_span_1": 235.13,
                  "enforce_exposure_limit": true,
                  "entry_grid_double_down_factor": 1.3476,
                  "entry_grid_spacing_pct": 0.029933,
                  "entry_grid_spacing_weight": 0.48471,
                  "entry_initial_ema_dist": 0.0097345,
                  "entry_initial_qty_pct": 0.011545,
                  "entry_trailing_double_down_factor": 0.6679,
                  "entry_trailing_grid_ratio": 0.0052998,
                  "entry_trailing_retracement_pct": 0.12667,
                  "entry_trailing_threshold_pct": -0.075441,
                  "filter_noisiness_rolling_window": 60,
                  "filter_volume_drop_pct": 0,
                  "filter_volume_rolling_window": 60,
                  "n_positions": 1,
                  "total_wallet_exposure_limit": 5.176,
                  "unstuck_close_pct": 0.021476,
                  "unstuck_ema_dist": -0.012432,
                  "unstuck_loss_allowance_pct": 0.17948,
                  "unstuck_threshold": 0.88432},
         "short": {"close_grid_markup_end": 0.001,
                   "close_grid_markup_start": 0.001,
                   "close_grid_qty_pct": 0.05,
                   "close_trailing_grid_ratio": -1,
                   "close_trailing_qty_pct": 0.05,
                   "close_trailing_retracement_pct": 0,
                   "close_trailing_threshold_pct": -0.1,
                   "ema_span_0": 200,
                   "ema_span_1": 200,
                   "enforce_exposure_limit": true,
                   "entry_grid_double_down_factor": 0.1,
                   "entry_grid_spacing_pct": 0.01,
                   "entry_grid_spacing_weight": 0.2,
                   "entry_initial_ema_dist": -0.1,
                   "entry_initial_qty_pct": 0.025,
                   "entry_trailing_double_down_factor": 0.1,
                   "entry_trailing_grid_ratio": -1,
                   "entry_trailing_retracement_pct": 0,
                   "entry_trailing_threshold_pct": -0.1,
                   "filter_noisiness_rolling_window": 10,
                   "filter_volume_drop_pct": 0,
                   "filter_volume_rolling_window": 10,
                   "n_positions": 0,
                   "total_wallet_exposure_limit": 0,
                   "unstuck_close_pct": 0.005,
                   "unstuck_ema_dist": -0.1,
                   "unstuck_loss_allowance_pct": 0.01,
                   "unstuck_threshold": 0.7}},
 "coin_overrides": {},
 "disable_plotting": false,
 "live": {"approved_coins": {"long": ["SOLUSDT"], "short": []},
          "auto_gs": true,
          "empty_means_all_approved": false,
          "execution_delay_seconds": 2,
          "filter_by_min_effective_cost": true,
          "forced_mode_long": "",
          "forced_mode_short": "",
          "ignored_coins": {"long": [], "short": []},
          "leverage": 10,
          "market_orders_allowed": true,
          "max_n_cancellations_per_batch": 5,
          "max_n_creations_per_batch": 3,
          "max_n_restarts_per_day": 10,
          "mimic_backtest_1m_delay": false,
          "minimum_coin_age_days": 30,
          "ohlcvs_1m_rolling_window_days": 4,
          "ohlcvs_1m_update_after_minutes": 10,
          "pnls_max_lookback_days": 30,
          "price_distance_threshold": 0.002,
          "time_in_force": "good_till_cancelled",
          "user": "bybit_01"},
 "optimize": {"bounds": {"long_close_grid_markup_end": [0.001, 0.03],
                         "long_close_grid_markup_start": [0.001, 0.03],
                         "long_close_grid_qty_pct": [0.05, 0.4],
                         "long_close_trailing_grid_ratio": [-1, 1],
                         "long_close_trailing_qty_pct": [0.05, 0.25],
                         "long_close_trailing_retracement_pct": [0.003, 0.01],
                         "long_close_trailing_threshold_pct": [0.001, 0.005],
                         "long_ema_span_0": [100, 800],
                         "long_ema_span_1": [100, 800],
                         "long_entry_grid_double_down_factor": [0.4, 10],
                         "long_entry_grid_spacing_pct": [0.01, 0.12],
                         "long_entry_grid_spacing_weight": [0.2, 2],