{
    "adg": 0.0234291247271885,
    "adg_per_exposure_long": 0.002603236080798722,
    "adg_per_exposure_short": 0.0,
    "adg_w": 0.016698053373171585,
    "adg_w_per_exposure_long": 0.0018553392636857316,
    "adg_w_per_exposure_short": 0.0,
    "calmar_ratio": 0.099166880352895,
    "calmar_ratio_w": 0.07067672737522146,
    "drawdown_worst": 0.23625957218593222,
    "drawdown_worst_mean_1pct": 0.23625957218593222,
    "equity_balance_diff_neg_max": 0.26396923400104033,
    "equity_balance_diff_neg_mean": 0.045123290551771694,
    "equity_balance_diff_pos_max": 0.2242839652082441,
    "equity_balance_diff_pos_mean": 0.016410413638399252,
    "equity_choppiness": 1.4711543962500429,
    "equity_choppiness_w": 1.5825908781527989,
    "equity_jerkiness": 0.04128309399073005,
    "equity_jerkiness_w": 0.047468404457079165,
    "expected_shortfall_1pct": 0.16524037454252338,
    "exponential_fit_error": 0.0444385023853653,
    "exponential_fit_error_w": 0.007470486976810275,
    "gain": 17.26258979347803,
    "gain_per_exposure_long": 1.9180655326086697,
    "gain_per_exposure_short": 0.0,
    "loss_profit_ratio": 0.0,
    "loss_profit_ratio_long": 0.0,
    "loss_profit_ratio_short": 1.0,
    "loss_profit_ratio_w": 0.0,
    "mdg": 0.002174108604197839,
    "mdg_per_exposure_long": 0.00024156762268864879,
    "mdg_per_exposure_short": 0.0,
    "mdg_w": 0.0014112473077782452,
    "mdg_w_per_exposure_long": 0.00015680525641980503,
    "mdg_w_per_exposure_short": 0.0,
    "omega_ratio": 8.331702559510177,
    "omega_ratio_w": 5.081116576363688,
    "pnl_ratio_long_short": 1.0,
    "position_held_hours_max": 110.45,
    "position_held_hours_mean": 3.894260485651214,
    "position_held_hours_median": 0.9666666666666667,
    "position_unchanged_hours_max": 98.78333333333333,
    "positions_held_per_day": 1.2320244773074962,
    "sharpe_ratio": 0.2328275585445356,
    "sharpe_ratio_w": 0.14592436535283687,
    "sortino_ratio": 0.3988650911234228,
    "sortino_ratio_w": 0.21763031446625494,
    "sterling_ratio": 0.099166880352895,
    "sterling_ratio_w": 0.07067672737522146,
    "volume_pct_per_day_avg": 9.874908587161968,
    "volume_pct_per_day_avg_w": 7.993309970138839
}