{"analysis": {"adg": 0.0234291247271885,
              "adg_per_exposure_long": 0.002603236080798722,
              "adg_per_exposure_short": 0.0,
              "adg_w": 0.016698053373171585,
              "adg_w_per_exposure_long": 0.0018553392636857316,
              "adg_w_per_exposure_short": 0.0,
              "calmar_ratio": 0.099166880352895,
              "calmar_ratio_w": 0.07067672737522146,
              "drawdown_worst": 0.23625957218593222,
              "drawdown_worst_mean_1pct": 0.23625957218593222,
              "equity_balance_diff_neg_max": 0.26396923400104033,
              "equity_balance_diff_neg_mean": 0.045123290551771694,
              "equity_balance_diff_pos_max": 0.2242839652082441,
              "equity_balance_diff_pos_mean": 0.016410413638399252,
              "equity_choppiness": 1.4711543962500429,
              "equity_choppiness_w": 1.5825908781527989,
              "equity_jerkiness": 0.04128309399073005,
              "equity_jerkiness_w": 0.047468404457079165,
              "expected_shortfall_1pct": 0.16524037454252338,
              "exponential_fit_error": 0.0444385023853653,
              "exponential_fit_error_w": 0.007470486976810275,
              "gain": 17.26258979347803,
              "gain_per_exposure_long": 1.9180655326086697,
              "gain_per_exposure_short": 0.0,
              "loss_profit_ratio": 0.0,
              "loss_profit_ratio_long": 0.0,
              "loss_profit_ratio_short": 1.0,
              "loss_profit_ratio_w": 0.0,
              "mdg": 0.002174108604197839,
              "mdg_per_exposure_long": 0.00024156762268864879,
              "mdg_per_exposure_short": 0.0,
              "mdg_w": 0.0014112473077782452,
              "mdg_w_per_exposure_long": 0.00015680525641980503,
              "mdg_w_per_exposure_short": 0.0,
              "omega_ratio": 8.331702559510177,
              "omega_ratio_w": 5.081116576363688,
              "pnl_ratio_long_short": 1.0,
              "position_held_hours_max": 110.45,
              "position_held_hours_mean": 3.894260485651214,
              "position_held_hours_median": 0.9666666666666667,
              "position_unchanged_hours_max": 98.78333333333333,
              "positions_held_per_day": 1.2320244773074962,
              "sharpe_ratio": 0.2328275585445356,
              "sharpe_ratio_w": 0.14592436535283687,
              "sortino_ratio": 0.3988650911234228,
              "sortino_ratio_w": 0.21763031446625494,
              "sterling_ratio": 0.099166880352895,
              "sterling_ratio_w": 0.07067672737522146,
              "volume_pct_per_day_avg": 9.874908587161968,
              "volume_pct_per_day_avg_w": 7.993309970138839},
 "backtest": {"base_dir": "backtests/pbgui/HYPE_binance_temp",
              "cache_dir": {"combined": "caches/hlcvs_data/022470f521f203de"},
              "coins": {"combined": ["HYPE"]},
              "combine_ohlcvs": true,
              "compress_cache": true,
              "end_date": "2025-09-30",
              "exchanges": ["binance"],
              "gap_tolerance_ohlcvs_minutes": 120,
              "start_date": "2020-01-01",
              "starting_balance": 200,
              "use_btc_collateral": false},
 "bot": {"long": {"close_grid_markup_end": 0.0035873,
                  "close_grid_markup_start": 0.02672,
                  "close_grid_qty_pct": 0.3884,
                  "close_trailing_grid_ratio": 1,
                  "close_trailing_qty_pct": 0.088978,
                  "close_trailing_retracement_pct": 0.0045,
                  "close_trailing_threshold_pct": 0.0049903,
                  "ema_span_0": 655.7,
                  "ema_span_1": 795.47,
                  "enforce_exposure_limit": true,
                  "entry_grid_double_down_factor": 4.7576,
                  "entry_grid_spacing_pct": 0.11052,
                  "entry_grid_spacing_weight": 0.86807,
                  "entry_initial_ema_dist": 0.02452,
                  "entry_initial_qty_pct": 0.16873,
                  "entry_trailing_double_down_factor": 6.6061,
                  "entry_trailing_grid_ratio": 1,
                  "entry_trailing_retracement_pct": 0.0076806,
                  "entry_trailing_threshold_pct": 0.079412,
                  "filter_noisiness_rolling_window": 60,
                  "filter_volume_drop_pct": 0,
                  "filter_volume_rolling_window": 60,
                  "n_positions": 1,
                  "total_wallet_exposure_limit": 9,
                  "unstuck_close_pct": 0.0072676,
                  "unstuck_ema_dist": 0.0044673,
                  "unstuck_loss_allowance_pct": 0.22618,
                  "unstuck_threshold": 0.68113},
         "short": {"close_grid_markup_end": 0.001,
                   "close_grid_markup_start": 0.001,
                   "close_grid_qty_pct": 0.1,
                   "close_trailing_grid_ratio": -1,
                   "close_trailing_qty_pct": 0.1,
                   "close_trailing_retracement_pct": 0.003,
                   "close_trailing_threshold_pct": -0.001,
                   "ema_span_0": 200,
                   "ema_span_1": 200,
                   "enforce_exposure_limit": true,
                   "entry_grid_double_down_factor": 0.6,
                   "entry_grid_spacing_pct": 0.01,
                   "entry_grid_spacing_weight": 0.2,
                   "entry_initial_ema_dist": -0.001,
                   "entry_initial_qty_pct": 0.025,
                   "entry_trailing_double_down_factor": 0.1,
                   "entry_trailing_grid_ratio": -1,
                   "entry_trailing_retracement_pct": 0,
                   "entry_trailing_threshold_pct": -0.1,
                   "filter_noisiness_rolling_window": 60,
                   "filter_volume_drop_pct": 0.53,
                   "filter_volume_rolling_window": 60,
                   "n_positions": 0,
                   "total_wallet_exposure_limit": 0,
                   "unstuck_close_pct": 0.005,
                   "unstuck_ema_dist": -0.1,
                   "unstuck_loss_allowance_pct": 0.01,
                   "unstuck_threshold": 0.55}},
 "coin_overrides": {},
 "disable_plotting": false,
 "live": {"approved_coins": {"long": ["HYPE"], "short": []},
          "auto_gs": true,
          "base_config_path": "/app/pbgui/data/bt_v7/HYPE_binance_temp/backtest.json",
          "empty_means_all_approved": false,
          "execution_delay_seconds": 2,
          "filter_by_min_effective_cost": true,
          "forced_mode_long": "",
          "forced_mode_short": "",
          "ignored_coins": {"long": [], "short": []},
          "leverage": 10,
          "market_orders_allowed": true,
          "max_n_cancellations_per_batch": 5,
          "max_n_creations_per_batch": 3,
          "max_n_restarts_per_day": 10,
          "mimic_backtest_1m_delay": false,
          "minimum_coin_age_days": 30,
          "ohlcvs_1m_rolling_window_days": 4,
          "ohlcvs_1m_update_after_minutes": 10,
          "pnls_max_lookback_days": 30,
          "price_distance_threshold": 0.002,
          "time_in_force": "good_till_cancelled",
          "user": "bybit_01"},
 "optimize": {"bounds": {"long_close_grid_markup_end": [0.001, 0.03],
                         "long_close_grid_markup_start": [0.001, 0.03],
                         "long_close_grid_qty_pct": [0.05, 0.4],
                         "long_close_trailing_grid_ratio": [1, 1],
                         "long_close_trailing_qty_pct": [0.05, 0.25],
                         "long_close_trailing_retracement_pct": [0.003, 0.01],
                         "long_close_trailing_threshold_pct": [0.001, 0.005],
                         "long_ema_span_0": [50, 800],
                         "long_ema_span_1": [50, 800],
                         "long_entry_grid_double_down_factor": [0.4, 10],
                         "long_entry_grid_spacing_pct": [0.01, 0.12],
                         "long_entry_grid_spacing_weight": [0.2, 2],