{
    "adg": 0.007621495029883629,
    "adg_per_exposure_long": 0.0027266367450928843,
    "adg_per_exposure_short": 0.0,
    "adg_w": 0.004579224806395543,
    "adg_w_per_exposure_long": 0.0016382458523166654,
    "adg_w_per_exposure_short": 0.0,
    "calmar_ratio": 0.04325537553562233,
    "calmar_ratio_w": 0.057437002586886346,
    "drawdown_worst": 0.1761976386867121,
    "drawdown_worst_mean_1pct": 0.14944981241346775,
    "equity_balance_diff_neg_max": 0.2097762292833438,
    "equity_balance_diff_neg_mean": 0.0017964146684912587,
    "equity_balance_diff_pos_max": 0.126658096330828,
    "equity_balance_diff_pos_mean": 0.0008210675007204303,
    "equity_choppiness": 1.3758810409912061,
    "equity_choppiness_w": 1.4014415935132614,
    "equity_jerkiness": 0.01417823013355849,
    "equity_jerkiness_w": 0.009487365711095543,
    "expected_shortfall_1pct": 0.11933811220582707,
    "exponential_fit_error": 0.021481104808870617,
    "exponential_fit_error_w": 0.0040565866560511475,
    "gain": 38.84705685340165,
    "gain_per_exposure_long": 13.897773631010892,
    "gain_per_exposure_short": 0.0,
    "loss_profit_ratio": 0.3608547632767354,
    "loss_profit_ratio_long": 0.3608547632767354,
    "loss_profit_ratio_short": 1.0,
    "loss_profit_ratio_w": 0.39474932835233856,
    "mdg": 0.0019658045053924725,
    "mdg_per_exposure_long": 0.000703278658197078,
    "mdg_per_exposure_short": 0.0,
    "mdg_w": 0.0016853605190555916,
    "mdg_w_per_exposure_long": 0.000602948096399396,
    "mdg_w_per_exposure_short": 0.0,
    "omega_ratio": 8.222625858955181,
    "omega_ratio_w": 7.299882451895852,
    "pnl_ratio_long_short": 1.0,
    "position_held_hours_max": 22.883333333333333,
    "position_held_hours_mean": 1.558573815309842,
    "position_held_hours_median": 0.9333333333333333,
    "position_unchanged_hours_max": 20.366666666666667,
    "positions_held_per_day": 13.659751037344398,
    "sharpe_ratio": 0.19208408512812464,
    "sharpe_ratio_w": 0.17870434350522554,
    "sortino_ratio": 0.2840132397510884,
    "sortino_ratio_w": 0.23150391168965054,
    "sterling_ratio": 0.050997019713868934,
    "sterling_ratio_w": 0.05858151068343822,
    "volume_pct_per_day_avg": 2.6648274871948887,
    "volume_pct_per_day_avg_w": 2.014385878559089
}