{"analysis": {"adg": 0.007621495029883629,
              "adg_per_exposure_long": 0.0027266367450928843,
              "adg_per_exposure_short": 0.0,
              "adg_w": 0.004579224806395543,
              "adg_w_per_exposure_long": 0.0016382458523166654,
              "adg_w_per_exposure_short": 0.0,
              "calmar_ratio": 0.04325537553562233,
              "calmar_ratio_w": 0.057437002586886346,
              "drawdown_worst": 0.1761976386867121,
              "drawdown_worst_mean_1pct": 0.14944981241346775,
              "equity_balance_diff_neg_max": 0.2097762292833438,
              "equity_balance_diff_neg_mean": 0.0017964146684912587,
              "equity_balance_diff_pos_max": 0.126658096330828,
              "equity_balance_diff_pos_mean": 0.0008210675007204303,
              "equity_choppiness": 1.3758810409912061,
              "equity_choppiness_w": 1.4014415935132614,
              "equity_jerkiness": 0.01417823013355849,
              "equity_jerkiness_w": 0.009487365711095543,
              "expected_shortfall_1pct": 0.11933811220582707,
              "exponential_fit_error": 0.021481104808870617,
              "exponential_fit_error_w": 0.0040565866560511475,
              "gain": 38.84705685340165,
              "gain_per_exposure_long": 13.897773631010892,
              "gain_per_exposure_short": 0.0,
              "loss_profit_ratio": 0.3608547632767354,
              "loss_profit_ratio_long": 0.3608547632767354,
              "loss_profit_ratio_short": 1.0,
              "loss_profit_ratio_w": 0.39474932835233856,
              "mdg": 0.0019658045053924725,
              "mdg_per_exposure_long": 0.000703278658197078,
              "mdg_per_exposure_short": 0.0,
              "mdg_w": 0.0016853605190555916,
              "mdg_w_per_exposure_long": 0.000602948096399396,
              "mdg_w_per_exposure_short": 0.0,
              "omega_ratio": 8.222625858955181,
              "omega_ratio_w": 7.299882451895852,
              "pnl_ratio_long_short": 1.0,
              "position_held_hours_max": 22.883333333333333,
              "position_held_hours_mean": 1.558573815309842,
              "position_held_hours_median": 0.9333333333333333,
              "position_unchanged_hours_max": 20.366666666666667,
              "positions_held_per_day": 13.659751037344398,
              "sharpe_ratio": 0.19208408512812464,
              "sharpe_ratio_w": 0.17870434350522554,
              "sortino_ratio": 0.2840132397510884,
              "sortino_ratio_w": 0.23150391168965054,
              "sterling_ratio": 0.050997019713868934,
              "sterling_ratio_w": 0.05858151068343822,
              "volume_pct_per_day_avg": 2.6648274871948887,
              "volume_pct_per_day_avg_w": 2.014385878559089},
 "backtest": {"base_dir": "backtests/pbgui/ENA_binance_optimize",
              "cache_dir": {"combined": "caches/hlcvs_data/847a48cecac07c58"},
              "coins": {"combined": ["ENA"]},
              "combine_ohlcvs": true,
              "compress_cache": true,
              "end_date": "2025-07-30",
              "exchanges": ["binance"],
              "gap_tolerance_ohlcvs_minutes": 120,
              "start_date": "2020-06-01",
              "starting_balance": 200,
              "use_btc_collateral": false},
 "bot": {"long": {"close_grid_markup_end": 0.0079434,
                  "close_grid_markup_start": 0.0097088,
                  "close_grid_qty_pct": 0.056636,
                  "close_trailing_grid_ratio": 0.044383,
                  "close_trailing_qty_pct": 0.85136,
                  "close_trailing_retracement_pct": 0.016239,
                  "close_trailing_threshold_pct": 0.0003246,
                  "ema_span_0": 203.48,
                  "ema_span_1": 275.48,
                  "enforce_exposure_limit": true,
                  "entry_grid_double_down_factor": 1.9076,
                  "entry_grid_spacing_pct": 0.02058,
                  "entry_grid_spacing_weight": 0.65741,
                  "entry_initial_ema_dist": -0.0031563,
                  "entry_initial_qty_pct": 0.015474,
                  "entry_trailing_double_down_factor": 0.42265,
                  "entry_trailing_grid_ratio": -0.49749,
                  "entry_trailing_retracement_pct": 0.015483,
                  "entry_trailing_threshold_pct": -0.070241,
                  "filter_noisiness_rolling_window": 62.408,
                  "filter_volume_drop_pct": 0.8418,
                  "filter_volume_rolling_window": 62.619,
                  "n_positions": 1,
                  "total_wallet_exposure_limit": 2.7952,
                  "unstuck_close_pct": 0.0080014,
                  "unstuck_ema_dist": -0.0059563,
                  "unstuck_loss_allowance_pct": 0.037315,
                  "unstuck_threshold": 0.48688},
         "short": {"close_grid_markup_end": 0.0034567,
                   "close_grid_markup_start": 0.010523,
                   "close_grid_qty_pct": 0.071704,
                   "close_trailing_grid_ratio": 0.047925,
                   "close_trailing_qty_pct": 0.069001,
                   "close_trailing_retracement_pct": 0.061293,
                   "close_trailing_threshold_pct": 0.048609,
                   "ema_span_0": 596.49,
                   "ema_span_1": 674.57,
                   "enforce_exposure_limit": true,
                   "entry_grid_double_down_factor": 0.29144,
                   "entry_grid_spacing_pct": 0.014251,
                   "entry_grid_spacing_weight": 0.81474,
                   "entry_initial_ema_dist": -0.085713,
                   "entry_initial_qty_pct": 0.0375,
                   "entry_trailing_double_down_factor": 0.9167,
                   "entry_trailing_grid_ratio": 0.208,
                   "entry_trailing_retracement_pct": 0.088335,
                   "entry_trailing_threshold_pct": 0.00067135,
                   "filter_noisiness_rolling_window": 236.04,
                   "filter_volume_drop_pct": 0.54629,
                   "filter_volume_rolling_window": 53.83,
                   "n_positions": 1,
                   "total_wallet_exposure_limit": 0,
                   "unstuck_close_pct": 0.0084727,
                   "unstuck_ema_dist": -0.0082363,
                   "unstuck_loss_allowance_pct": 0.029651,
                   "unstuck_threshold": 0.41276}},
 "coin_overrides": {},
 "disable_plotting": false,
 "live": {"approved_coins": {"long": ["ENAUSDT"], "short": ["ENAUSDT"]},
          "auto_gs": true,
          "base_config_path": "",
          "empty_means_all_approved": false,
          "execution_delay_seconds": 2,
          "filter_by_min_effective_cost": true,
          "forced_mode_long": "",
          "forced_mode_short": "",
          "ignored_coins": {"long": [], "short": []},
          "leverage": 10,
          "market_orders_allowed": true,
          "max_n_cancellations_per_batch": 5,
          "max_n_creations_per_batch": 3,
          "max_n_restarts_per_day": 10,
          "mimic_backtest_1m_delay": false,
          "minimum_coin_age_days": 7,
          "ohlcvs_1m_rolling_window_days": 7,
          "ohlcvs_1m_update_after_minutes": 10,
          "pnls_max_lookback_days": 30,
          "price_distance_threshold": 0.002,
          "time_in_force": "good_till_cancelled",
          "user": "bybit_01"},
 "optimize": {"bounds": {"long_close_grid_markup_end": [0.001, 0.03],
                         "long_close_grid_markup_start": [0.001, 0.03],
                         "long_close_grid_qty_pct": [0.05, 1],
                         "long_close_trailing_grid_ratio": [-1, 1],
                         "long_close_trailing_qty_pct": [0.05, 1],
                         "long_close_trailing_retracement_pct": [0, 0.1],
                         "long_close_trailing_threshold_pct": [-0.1, 0.1],
                         "long_ema_span_0": [200, 1440],
                         "long_ema_span_1": [200, 1440],
                         "long_entry_grid_double_down_factor": [0.1, 3],