{"analysis": {"adg": 0.01805312658574887,
              "adg_per_exposure_long": 0.0025648746321354915,
              "adg_per_exposure_short": 0.0,
              "adg_w": 0.007542299868101954,
              "adg_w_per_exposure_long": 0.0010715625078995758,
              "adg_w_per_exposure_short": 0.0,
              "calmar_ratio": 0.040675624090545585,
              "calmar_ratio_w": 0.02371650835497885,
              "drawdown_worst": 0.4438315819214446,
              "drawdown_worst_mean_1pct": 0.28912736939337325,
              "equity_balance_diff_neg_max": 0.43482801767323587,
              "equity_balance_diff_neg_mean": 0.011619493039860186,
              "equity_balance_diff_pos_max": 1.1122587087936862,
              "equity_balance_diff_pos_mean": 0.006829676600591017,
              "equity_choppiness": 1.4978357569901806,
              "equity_choppiness_w": 1.950034725979513,
              "equity_jerkiness": 0.03334764153852757,
              "equity_jerkiness_w": 0.023368077395311358,
              "expected_shortfall_1pct": 0.2608236304802804,
              "exponential_fit_error": 0.3960709059067398,
              "exponential_fit_error_w": 0.05577350260027829,
              "gain": 8100.882644590873,
              "gain_per_exposure_long": 1150.92243409071,
              "gain_per_exposure_short": 0.0,
              "loss_profit_ratio": 0.04386889910092988,
              "loss_profit_ratio_long": 0.04386889910092988,
              "loss_profit_ratio_short": 1.0,
              "loss_profit_ratio_w": 0.044112182121833064,
              "mdg": 0.0008684300118450712,
              "mdg_per_exposure_long": 0.00012338107178204064,
              "mdg_per_exposure_short": 0.0,
              "mdg_w": 8.684300118450712e-05,
              "mdg_w_per_exposure_long": 1.2338107178204064e-05,
              "mdg_w_per_exposure_short": 0.0,
              "omega_ratio": 14.388413950057492,
              "omega_ratio_w": 4.666197362531466,
              "pnl_ratio_long_short": 1.0,
              "position_held_hours_max": 145.28333333333333,
              "position_held_hours_mean": 8.336055923473142,
              "position_held_hours_median": 2.566666666666667,
              "position_unchanged_hours_max": 92.26666666666667,
              "positions_held_per_day": 0.9005964214711729,
              "sharpe_ratio": 0.10978196363585112,
              "sharpe_ratio_w": 0.07297880099771896,
              "sortino_ratio": 0.3073983834562763,
              "sortino_ratio_w": 0.12148002794934723,
              "sterling_ratio": 0.062440047179299116,
              "sterling_ratio_w": 0.02658231133622946,
              "volume_pct_per_day_avg": 1.9119910805564255,
              "volume_pct_per_day_avg_w": 1.4473293513474152},
 "backtest": {"base_dir": "backtests/pbgui/ONDO_only_binance",
              "cache_dir": {"combined": "caches/hlcvs_data/c0a63ecab525e1c0"},
              "coins": {"combined": ["ONDO"]},
              "combine_ohlcvs": true,
              "compress_cache": true,
              "end_date": "2025-06-27",
              "exchanges": ["binance"],
              "gap_tolerance_ohlcvs_minutes": 120,
              "start_date": "2020-01-01",
              "starting_balance": 200,
              "use_btc_collateral": false},
 "bot": {"long": {"close_grid_markup_end": 0.029012,
                  "close_grid_markup_start": 0.022089,
                  "close_grid_qty_pct": 0.15663,
                  "close_trailing_grid_ratio": -0.81558,
                  "close_trailing_qty_pct": 0.05209,
                  "close_trailing_retracement_pct": 0.0043791,
                  "close_trailing_threshold_pct": 0.0048599,
                  "ema_span_0": 145.27,
                  "ema_span_1": 221.55,
                  "enforce_exposure_limit": true,
                  "entry_grid_double_down_factor": 5.1464,
                  "entry_grid_spacing_pct": 0.069216,
                  "entry_grid_spacing_weight": 1.7179,
                  "entry_initial_ema_dist": 0.023538,
                  "entry_initial_qty_pct": 0.027273,
                  "entry_trailing_double_down_factor": 5.9753,
                  "entry_trailing_grid_ratio": -0.0031375,
                  "entry_trailing_retracement_pct": 0.06532,
                  "entry_trailing_threshold_pct": -0.039568,
                  "filter_noisiness_rolling_window": 60,
                  "filter_volume_drop_pct": 0,
                  "filter_volume_rolling_window": 60,
                  "n_positions": 1,
                  "total_wallet_exposure_limit": 7.0386,
                  "unstuck_close_pct": 0.0060033,
                  "unstuck_ema_dist": -0.090625,
                  "unstuck_loss_allowance_pct": 0.23388,
                  "unstuck_threshold": 0.86712},
         "short": {"close_grid_markup_end": 0.001,
                   "close_grid_markup_start": 0.001,
                   "close_grid_qty_pct": 0.1,
                   "close_trailing_grid_ratio": -1,
                   "close_trailing_qty_pct": 0.1,
                   "close_trailing_retracement_pct": 0.003,
                   "close_trailing_threshold_pct": -0.001,
                   "ema_span_0": 200,
                   "ema_span_1": 200,
                   "enforce_exposure_limit": true,
                   "entry_grid_double_down_factor": 0.6,
                   "entry_grid_spacing_pct": 0.01,
                   "entry_grid_spacing_weight": 0.2,
                   "entry_initial_ema_dist": -0.001,
                   "entry_initial_qty_pct": 0.025,
                   "entry_trailing_double_down_factor": 0.1,
                   "entry_trailing_grid_ratio": -1,
                   "entry_trailing_retracement_pct": 0,
                   "entry_trailing_threshold_pct": -0.1,
                   "filter_noisiness_rolling_window": 60,
                   "filter_volume_drop_pct": 0.53,
                   "filter_volume_rolling_window": 60,
                   "n_positions": 0,
                   "total_wallet_exposure_limit": 0,
                   "unstuck_close_pct": 0.005,
                   "unstuck_ema_dist": -0.1,
                   "unstuck_loss_allowance_pct": 0.01,
                   "unstuck_threshold": 0.55}},
 "coin_overrides": {},
 "disable_plotting": false,
 "live": {"approved_coins": {"long": ["ONDOUSDT"], "short": []},
          "auto_gs": true,
          "empty_means_all_approved": false,
          "execution_delay_seconds": 2,
          "filter_by_min_effective_cost": true,
          "forced_mode_long": "",
          "forced_mode_short": "",
          "ignored_coins": {"long": [], "short": []},
          "leverage": 10,
          "market_orders_allowed": true,
          "max_n_cancellations_per_batch": 5,
          "max_n_creations_per_batch": 3,
          "max_n_restarts_per_day": 10,
          "mimic_backtest_1m_delay": false,
          "minimum_coin_age_days": 30,
          "ohlcvs_1m_rolling_window_days": 4,
          "ohlcvs_1m_update_after_minutes": 10,
          "pnls_max_lookback_days": 30,
          "price_distance_threshold": 0.002,
          "time_in_force": "good_till_cancelled",
          "user": "bybit_01"},
 "optimize": {"bounds": {"long_close_grid_markup_end": [0.001, 0.03],
                         "long_close_grid_markup_start": [0.001, 0.03],
                         "long_close_grid_qty_pct": [0.05, 0.4],
                         "long_close_trailing_grid_ratio": [-1, 1],
                         "long_close_trailing_qty_pct": [0.05, 0.25],
                         "long_close_trailing_retracement_pct": [0.003, 0.01],
                         "long_close_trailing_threshold_pct": [0.001, 0.005],
                         "long_ema_span_0": [100, 800],
                         "long_ema_span_1": [100, 800],
                         "long_entry_grid_double_down_factor": [0.4, 10],
                         "long_entry_grid_spacing_pct": [0.01, 0.12],
                         "long_entry_grid_spacing_weight": [0.2, 2],