{
    "adg": 0.015921172138058104,
    "adg_per_exposure_long": 0.0027081429049256854,
    "adg_per_exposure_short": 0.0,
    "adg_w": 0.006923192813900881,
    "adg_w_per_exposure_long": 0.0011776140183536114,
    "adg_w_per_exposure_short": 0.0,
    "calmar_ratio": 0.035451573302016225,
    "calmar_ratio_w": 0.024722810194893217,
    "drawdown_worst": 0.4490963490512458,
    "drawdown_worst_mean_1pct": 0.2912683990132031,
    "equity_balance_diff_neg_max": 0.4919920349079566,
    "equity_balance_diff_neg_mean": 0.011432570968078612,
    "equity_balance_diff_pos_max": 0.8100367765462352,
    "equity_balance_diff_pos_mean": 0.005661492967754822,
    "equity_choppiness": 1.513240718213491,
    "equity_choppiness_w": 1.8811806204547756,
    "equity_jerkiness": 0.030476989805977243,
    "equity_jerkiness_w": 0.020997979339095443,
    "expected_shortfall_1pct": 0.2746792175601343,
    "exponential_fit_error": 0.33006877947312596,
    "exponential_fit_error_w": 0.044794445360680266,
    "gain": 2822.1862033918756,
    "gain_per_exposure_long": 480.0452803864392,
    "gain_per_exposure_short": 0.0,
    "loss_profit_ratio": 0.019141591283591785,
    "loss_profit_ratio_long": 0.019141591283591785,
    "loss_profit_ratio_short": 1.0,
    "loss_profit_ratio_w": 0.01862007320532154,
    "mdg": 0.0002730598109000759,
    "mdg_per_exposure_long": 4.644664243920325e-05,
    "mdg_per_exposure_short": 0.0,
    "mdg_w": 2.7305981090007592e-05,
    "mdg_w_per_exposure_long": 4.644664243920326e-06,
    "mdg_w_per_exposure_short": 0.0,
    "omega_ratio": 13.306109572950827,
    "omega_ratio_w": 4.702786586905934,
    "pnl_ratio_long_short": 1.0,
    "position_held_hours_max": 145.28333333333333,
    "position_held_hours_mean": 7.9731095679012345,
    "position_held_hours_median": 2.325,
    "position_unchanged_hours_max": 92.26666666666667,
    "positions_held_per_day": 0.8588469184890656,
    "sharpe_ratio": 0.1022614101551124,
    "sharpe_ratio_w": 0.07838555505936898,
    "sortino_ratio": 0.2537410779258391,
    "sortino_ratio_w": 0.11892166896965765,
    "sterling_ratio": 0.05466151560553056,
    "sterling_ratio_w": 0.02679889629701714,
    "volume_pct_per_day_avg": 1.71082329128241,
    "volume_pct_per_day_avg_w": 1.309802192990682
}