{"analysis": {"adg": 0.015921172138058104,
              "adg_per_exposure_long": 0.0027081429049256854,
              "adg_per_exposure_short": 0.0,
              "adg_w": 0.006923192813900881,
              "adg_w_per_exposure_long": 0.0011776140183536114,
              "adg_w_per_exposure_short": 0.0,
              "calmar_ratio": 0.035451573302016225,
              "calmar_ratio_w": 0.024722810194893217,
              "drawdown_worst": 0.4490963490512458,
              "drawdown_worst_mean_1pct": 0.2912683990132031,
              "equity_balance_diff_neg_max": 0.4919920349079566,
              "equity_balance_diff_neg_mean": 0.011432570968078612,
              "equity_balance_diff_pos_max": 0.8100367765462352,
              "equity_balance_diff_pos_mean": 0.005661492967754822,
              "equity_choppiness": 1.513240718213491,
              "equity_choppiness_w": 1.8811806204547756,
              "equity_jerkiness": 0.030476989805977243,
              "equity_jerkiness_w": 0.020997979339095443,
              "expected_shortfall_1pct": 0.2746792175601343,
              "exponential_fit_error": 0.33006877947312596,
              "exponential_fit_error_w": 0.044794445360680266,
              "gain": 2822.1862033918756,
              "gain_per_exposure_long": 480.0452803864392,
              "gain_per_exposure_short": 0.0,
              "loss_profit_ratio": 0.019141591283591785,
              "loss_profit_ratio_long": 0.019141591283591785,
              "loss_profit_ratio_short": 1.0,
              "loss_profit_ratio_w": 0.01862007320532154,
              "mdg": 0.0002730598109000759,
              "mdg_per_exposure_long": 4.644664243920325e-05,
              "mdg_per_exposure_short": 0.0,
              "mdg_w": 2.7305981090007592e-05,
              "mdg_w_per_exposure_long": 4.644664243920326e-06,
              "mdg_w_per_exposure_short": 0.0,
              "omega_ratio": 13.306109572950827,
              "omega_ratio_w": 4.702786586905934,
              "pnl_ratio_long_short": 1.0,
              "position_held_hours_max": 145.28333333333333,
              "position_held_hours_mean": 7.9731095679012345,
              "position_held_hours_median": 2.325,
              "position_unchanged_hours_max": 92.26666666666667,
              "positions_held_per_day": 0.8588469184890656,
              "sharpe_ratio": 0.1022614101551124,
              "sharpe_ratio_w": 0.07838555505936898,
              "sortino_ratio": 0.2537410779258391,
              "sortino_ratio_w": 0.11892166896965765,
              "sterling_ratio": 0.05466151560553056,
              "sterling_ratio_w": 0.02679889629701714,
              "volume_pct_per_day_avg": 1.71082329128241,
              "volume_pct_per_day_avg_w": 1.309802192990682},
 "backtest": {"base_dir": "backtests/pbgui/ONDO_bybit_optimize",
              "cache_dir": {"combined": "caches/hlcvs_data/bf7d587d96c7c6a7"},
              "coins": {"combined": ["ONDO"]},
              "combine_ohlcvs": true,
              "compress_cache": true,
              "end_date": "2025-06-27",
              "exchanges": ["bybit"],
              "gap_tolerance_ohlcvs_minutes": 120,
              "start_date": "2020-01-01",
              "starting_balance": 200,
              "use_btc_collateral": false},
 "bot": {"long": {"close_grid_markup_end": 0.029099,
                  "close_grid_markup_start": 0.022013,
                  "close_grid_qty_pct": 0.19899,
                  "close_trailing_grid_ratio": -0.81129,
                  "close_trailing_qty_pct": 0.052762,
                  "close_trailing_retracement_pct": 0.0038925,
                  "close_trailing_threshold_pct": 0.0049175,
                  "ema_span_0": 142.38,
                  "ema_span_1": 232.23,
                  "enforce_exposure_limit": true,
                  "entry_grid_double_down_factor": 5.9998,
                  "entry_grid_spacing_pct": 0.069306,
                  "entry_grid_spacing_weight": 1.5209,
                  "entry_initial_ema_dist": 0.024347,
                  "entry_initial_qty_pct": 0.030219,
                  "entry_trailing_double_down_factor": 5.8523,
                  "entry_trailing_grid_ratio": -0.0056906,
                  "entry_trailing_retracement_pct": 0.068523,
                  "entry_trailing_threshold_pct": -0.084474,
                  "filter_noisiness_rolling_window": 60,
                  "filter_volume_drop_pct": 0,
                  "filter_volume_rolling_window": 60,
                  "n_positions": 1,
                  "total_wallet_exposure_limit": 5.879,
                  "unstuck_close_pct": 0.0050625,
                  "unstuck_ema_dist": -0.087711,
                  "unstuck_loss_allowance_pct": 0.24558,
                  "unstuck_threshold": 0.93497},
         "short": {"close_grid_markup_end": 0.001,
                   "close_grid_markup_start": 0.001,
                   "close_grid_qty_pct": 0.1,
                   "close_trailing_grid_ratio": -1,
                   "close_trailing_qty_pct": 0.1,
                   "close_trailing_retracement_pct": 0.003,
                   "close_trailing_threshold_pct": -0.001,
                   "ema_span_0": 200,
                   "ema_span_1": 200,
                   "enforce_exposure_limit": true,
                   "entry_grid_double_down_factor": 0.6,
                   "entry_grid_spacing_pct": 0.01,
                   "entry_grid_spacing_weight": 0.2,
                   "entry_initial_ema_dist": -0.001,
                   "entry_initial_qty_pct": 0.025,
                   "entry_trailing_double_down_factor": 0.1,
                   "entry_trailing_grid_ratio": -1,
                   "entry_trailing_retracement_pct": 0,
                   "entry_trailing_threshold_pct": -0.1,
                   "filter_noisiness_rolling_window": 60,
                   "filter_volume_drop_pct": 0.53,
                   "filter_volume_rolling_window": 60,
                   "n_positions": 0,
                   "total_wallet_exposure_limit": 0,
                   "unstuck_close_pct": 0.005,
                   "unstuck_ema_dist": -0.1,
                   "unstuck_loss_allowance_pct": 0.01,
                   "unstuck_threshold": 0.55}},
 "coin_overrides": {},
 "disable_plotting": false,
 "live": {"approved_coins": {"long": ["ONDOUSDT"], "short": []},
          "auto_gs": true,
          "empty_means_all_approved": false,
          "execution_delay_seconds": 2,
          "filter_by_min_effective_cost": true,
          "forced_mode_long": "",
          "forced_mode_short": "",
          "ignored_coins": {"long": [], "short": []},
          "leverage": 10,
          "market_orders_allowed": true,
          "max_n_cancellations_per_batch": 5,
          "max_n_creations_per_batch": 3,
          "max_n_restarts_per_day": 10,
          "mimic_backtest_1m_delay": false,
          "minimum_coin_age_days": 30,
          "ohlcvs_1m_rolling_window_days": 4,
          "ohlcvs_1m_update_after_minutes": 10,
          "pnls_max_lookback_days": 30,
          "price_distance_threshold": 0.002,
          "time_in_force": "good_till_cancelled",
          "user": "bybit_01"},
 "optimize": {"bounds": {"long_close_grid_markup_end": [0.001, 0.03],
                         "long_close_grid_markup_start": [0.001, 0.03],
                         "long_close_grid_qty_pct": [0.05, 0.4],
                         "long_close_trailing_grid_ratio": [-1, 1],
                         "long_close_trailing_qty_pct": [0.05, 0.25],
                         "long_close_trailing_retracement_pct": [0.003, 0.01],
                         "long_close_trailing_threshold_pct": [0.001, 0.005],
                         "long_ema_span_0": [100, 800],
                         "long_ema_span_1": [100, 800],
                         "long_entry_grid_double_down_factor": [0.4, 10],
                         "long_entry_grid_spacing_pct": [0.01, 0.12],
                         "long_entry_grid_spacing_weight": [0.2, 2],