{
    "adg": 0.00833066211929201,
    "adg_per_exposure_long": 0.0020217109448361914,
    "adg_per_exposure_short": 0.05887393723881279,
    "adg_w": 0.0052350377462639704,
    "adg_w_per_exposure_long": 0.0012704552119264115,
    "adg_w_per_exposure_short": 0.03699673318914467,
    "calmar_ratio": 0.037946195682563764,
    "calmar_ratio_w": 0.07009916783437087,
    "drawdown_worst": 0.2195387961676469,
    "drawdown_worst_mean_1pct": 0.14967516492421157,
    "equity_balance_diff_neg_max": 0.22838197187129497,
    "equity_balance_diff_neg_mean": 0.0014763742225996546,
    "equity_balance_diff_pos_max": 0.13336253293545153,
    "equity_balance_diff_pos_mean": 0.0008349581464349207,
    "equity_choppiness": 1.2145787519794842,
    "equity_choppiness_w": 1.160472079444395,
    "equity_jerkiness": 0.01459337727258406,
    "equity_jerkiness_w": 0.009851391632076854,
    "expected_shortfall_1pct": 0.14890587558994794,
    "exponential_fit_error": 0.04169191942390129,
    "exponential_fit_error_w": 0.005490446673768026,
    "gain": 93.50323730627089,
    "gain_per_exposure_long": 22.69165590114811,
    "gain_per_exposure_short": 660.8002636485576,
    "loss_profit_ratio": 0.2322276041303679,
    "loss_profit_ratio_long": 0.22748102974348447,
    "loss_profit_ratio_short": 0.4242263958142889,
    "loss_profit_ratio_w": 0.22646789644384321,
    "mdg": 0.0010916961031256257,
    "mdg_per_exposure_long": 0.00026493619937038924,
    "mdg_per_exposure_short": 0.007715166806541525,
    "mdg_w": 0.0007301518012693846,
    "mdg_w_per_exposure_long": 0.00017719550581696468,
    "mdg_w_per_exposure_short": 0.0051600834011970645,
    "omega_ratio": 15.227277517476184,
    "omega_ratio_w": 16.241162737442487,
    "pnl_ratio_long_short": 0.9819076476667523,
    "position_held_hours_max": 316.8666666666667,
    "position_held_hours_mean": 3.700244335850733,
    "position_held_hours_median": 1.25,
    "position_unchanged_hours_max": 178.0,
    "positions_held_per_day": 12.345536697055525,
    "sharpe_ratio": 0.17549256216728013,
    "sharpe_ratio_w": 0.1856825339261788,
    "sortino_ratio": 0.2737124999465433,
    "sortino_ratio_w": 0.3337154745051114,
    "sterling_ratio": 0.055658279204237146,
    "sterling_ratio_w": 0.0721015760950797,
    "volume_pct_per_day_avg": 1.9259207777499134,
    "volume_pct_per_day_avg_w": 1.2081206825086865
}