{"analysis": {"adg": 0.00833066211929201,
              "adg_per_exposure_long": 0.0020217109448361914,
              "adg_per_exposure_short": 0.05887393723881279,
              "adg_w": 0.0052350377462639704,
              "adg_w_per_exposure_long": 0.0012704552119264115,
              "adg_w_per_exposure_short": 0.03699673318914467,
              "calmar_ratio": 0.037946195682563764,
              "calmar_ratio_w": 0.07009916783437087,
              "drawdown_worst": 0.2195387961676469,
              "drawdown_worst_mean_1pct": 0.14967516492421157,
              "equity_balance_diff_neg_max": 0.22838197187129497,
              "equity_balance_diff_neg_mean": 0.0014763742225996546,
              "equity_balance_diff_pos_max": 0.13336253293545153,
              "equity_balance_diff_pos_mean": 0.0008349581464349207,
              "equity_choppiness": 1.2145787519794842,
              "equity_choppiness_w": 1.160472079444395,
              "equity_jerkiness": 0.01459337727258406,
              "equity_jerkiness_w": 0.009851391632076854,
              "expected_shortfall_1pct": 0.14890587558994794,
              "exponential_fit_error": 0.04169191942390129,
              "exponential_fit_error_w": 0.005490446673768026,
              "gain": 93.50323730627089,
              "gain_per_exposure_long": 22.69165590114811,
              "gain_per_exposure_short": 660.8002636485576,
              "loss_profit_ratio": 0.2322276041303679,
              "loss_profit_ratio_long": 0.22748102974348447,
              "loss_profit_ratio_short": 0.4242263958142889,
              "loss_profit_ratio_w": 0.22646789644384321,
              "mdg": 0.0010916961031256257,
              "mdg_per_exposure_long": 0.00026493619937038924,
              "mdg_per_exposure_short": 0.007715166806541525,
              "mdg_w": 0.0007301518012693846,
              "mdg_w_per_exposure_long": 0.00017719550581696468,
              "mdg_w_per_exposure_short": 0.0051600834011970645,
              "omega_ratio": 15.227277517476184,
              "omega_ratio_w": 16.241162737442487,
              "pnl_ratio_long_short": 0.9819076476667523,
              "position_held_hours_max": 316.8666666666667,
              "position_held_hours_mean": 3.700244335850733,
              "position_held_hours_median": 1.25,
              "position_unchanged_hours_max": 178.0,
              "positions_held_per_day": 12.345536697055525,
              "sharpe_ratio": 0.17549256216728013,
              "sharpe_ratio_w": 0.1856825339261788,
              "sortino_ratio": 0.2737124999465433,
              "sortino_ratio_w": 0.3337154745051114,
              "sterling_ratio": 0.055658279204237146,
              "sterling_ratio_w": 0.0721015760950797,
              "volume_pct_per_day_avg": 1.9259207777499134,
              "volume_pct_per_day_avg_w": 1.2081206825086865},
 "backtest": {"base_dir": "backtests/pbgui/ENA_binance_optimize",
              "cache_dir": {"combined": "caches/hlcvs_data/c1cd1995a8da487d"},
              "coins": {"combined": ["ENA"]},
              "combine_ohlcvs": true,
              "compress_cache": true,
              "end_date": "2025-10-03",
              "exchanges": ["binance"],
              "gap_tolerance_ohlcvs_minutes": 120,
              "start_date": "2020-06-01",
              "starting_balance": 200,
              "use_btc_collateral": false},
 "bot": {"long": {"close_grid_markup_end": 0.011423,
                  "close_grid_markup_start": 0.01226,
                  "close_grid_qty_pct": 0.063444,
                  "close_trailing_grid_ratio": 0.020893,
                  "close_trailing_qty_pct": 0.79078,
                  "close_trailing_retracement_pct": 0.019154,
                  "close_trailing_threshold_pct": 0.00040625,
                  "ema_span_0": 262.66,
                  "ema_span_1": 289.98,
                  "enforce_exposure_limit": true,
                  "entry_grid_double_down_factor": 2.212,
                  "entry_grid_spacing_pct": 0.02058,
                  "entry_grid_spacing_weight": 0.60365,
                  "entry_initial_ema_dist": -0.002256,
                  "entry_initial_qty_pct": 0.0065825,
                  "entry_trailing_double_down_factor": 0.42191,
                  "entry_trailing_grid_ratio": -0.4973,
                  "entry_trailing_retracement_pct": 0.011641,
                  "entry_trailing_threshold_pct": -0.059373,
                  "filter_noisiness_rolling_window": 100.36,
                  "filter_volume_drop_pct": 0.79961,
                  "filter_volume_rolling_window": 59.009,
                  "n_positions": 1,
                  "total_wallet_exposure_limit": 4.1206,
                  "unstuck_close_pct": 0.010981,
                  "unstuck_ema_dist": 0.0056992,
                  "unstuck_loss_allowance_pct": 0.041159,
                  "unstuck_threshold": 0.46679},
         "short": {"close_grid_markup_end": 0.0037932,
                   "close_grid_markup_start": 0.011229,
                   "close_grid_qty_pct": 0.072862,
                   "close_trailing_grid_ratio": -0.0013078,
                   "close_trailing_qty_pct": 0.10692,
                   "close_trailing_retracement_pct": 0.061365,
                   "close_trailing_threshold_pct": 0.048544,
                   "ema_span_0": 587.04,
                   "ema_span_1": 665.48,
                   "enforce_exposure_limit": true,
                   "entry_grid_double_down_factor": 0.27133,
                   "entry_grid_spacing_pct": 0.013874,
                   "entry_grid_spacing_weight": 0.79192,
                   "entry_initial_ema_dist": -0.092422,
                   "entry_initial_qty_pct": 0.037525,
                   "entry_trailing_double_down_factor": 0.89979,
                   "entry_trailing_grid_ratio": 0.20954,
                   "entry_trailing_retracement_pct": 0.08633,
                   "entry_trailing_threshold_pct": -0.0032762,
                   "filter_noisiness_rolling_window": 233.44,
                   "filter_volume_drop_pct": 0.70022,
                   "filter_volume_rolling_window": 53.633,
                   "n_positions": 1,
                   "total_wallet_exposure_limit": 0.1415,
                   "unstuck_close_pct": 0.0081048,
                   "unstuck_ema_dist": 0.0016283,
                   "unstuck_loss_allowance_pct": 0.026737,
                   "unstuck_threshold": 0.53177}},
 "coin_overrides": {},
 "disable_plotting": false,
 "live": {"approved_coins": {"long": ["ENA"], "short": ["ENA"]},
          "auto_gs": true,
          "base_config_path": "/app/pbgui/data/bt_v7/ENA_binance_optimize/backtest.json",
          "empty_means_all_approved": false,
          "execution_delay_seconds": 2,
          "filter_by_min_effective_cost": true,
          "forced_mode_long": "",
          "forced_mode_short": "",
          "ignored_coins": {"long": [], "short": []},
          "leverage": 10,
          "market_orders_allowed": true,
          "max_n_cancellations_per_batch": 5,
          "max_n_creations_per_batch": 3,
          "max_n_restarts_per_day": 10,
          "mimic_backtest_1m_delay": false,
          "minimum_coin_age_days": 7,
          "ohlcvs_1m_rolling_window_days": 7,
          "ohlcvs_1m_update_after_minutes": 10,
          "pnls_max_lookback_days": 30,
          "price_distance_threshold": 0.002,
          "time_in_force": "good_till_cancelled",
          "user": "bybit_01"},
 "optimize": {"bounds": {"long_close_grid_markup_end": [0.001, 0.079],
                         "long_close_grid_markup_start": [0.001, 0.039],
                         "long_close_grid_qty_pct": [0.05, 1],
                         "long_close_trailing_grid_ratio": [-1, 1],
                         "long_close_trailing_qty_pct": [0.05, 0.795],
                         "long_close_trailing_retracement_pct": [0, 0.16],
                         "long_close_trailing_threshold_pct": [-0.1196, 0.1383],