{
    "adg": 0.00646742972672909,
    "adg_per_exposure_long": 0.0032439332531118475,
    "adg_per_exposure_short": 0.0,
    "adg_w": 0.003775795197699372,
    "adg_w_per_exposure_long": 0.0018938632681443405,
    "adg_w_per_exposure_short": 0.0,
    "calmar_ratio": 0.02705779924962051,
    "calmar_ratio_w": 0.05270960075191974,
    "drawdown_worst": 0.23902275521612487,
    "drawdown_worst_mean_1pct": 0.14702290179477315,
    "equity_balance_diff_neg_max": 0.24328738746256198,
    "equity_balance_diff_neg_mean": 0.002123170725561751,
    "equity_balance_diff_pos_max": 0.21154789204844066,
    "equity_balance_diff_pos_mean": 0.0008681902109801014,
    "equity_choppiness": 1.3968040375780553,
    "equity_choppiness_w": 1.368573954077867,
    "equity_jerkiness": 0.012706010092925126,
    "equity_jerkiness_w": 0.008117411282816123,
    "expected_shortfall_1pct": 0.11624778496048895,
    "exponential_fit_error": 0.0321475194501465,
    "exponential_fit_error_w": 0.006788447632523025,
    "gain": 22.359782447031126,
    "gain_per_exposure_long": 11.215219163881791,
    "gain_per_exposure_short": 0.0,
    "loss_profit_ratio": 0.3148606347161343,
    "loss_profit_ratio_long": 0.3148606347161343,
    "loss_profit_ratio_short": 1.0,
    "loss_profit_ratio_w": 0.3817151752852538,
    "mdg": 0.001131534989078157,
    "mdg_per_exposure_long": 0.0005675552937142785,
    "mdg_per_exposure_short": 0.0,
    "mdg_w": 0.0010845430743038503,
    "mdg_w_per_exposure_long": 0.0005439850901860111,
    "mdg_w_per_exposure_short": 0.0,
    "omega_ratio": 7.638993224365246,
    "omega_ratio_w": 7.3102708233890095,
    "pnl_ratio_long_short": 1.0,
    "position_held_hours_max": 52.36666666666667,
    "position_held_hours_mean": 1.5734091834656894,
    "position_held_hours_median": 0.95,
    "position_unchanged_hours_max": 20.366666666666667,
    "positions_held_per_day": 13.5850622406639,
    "sharpe_ratio": 0.16939803881468257,
    "sharpe_ratio_w": 0.17736629365036818,
    "sortino_ratio": 0.2861258017261053,
    "sortino_ratio_w": 0.24539774305057266,
    "sterling_ratio": 0.04398926730310948,
    "sterling_ratio_w": 0.055447918975384494,
    "volume_pct_per_day_avg": 1.8789445161794156,
    "volume_pct_per_day_avg_w": 1.4177658647936857
}