{"analysis": {"adg": 0.00646742972672909,
              "adg_per_exposure_long": 0.0032439332531118475,
              "adg_per_exposure_short": 0.0,
              "adg_w": 0.003775795197699372,
              "adg_w_per_exposure_long": 0.0018938632681443405,
              "adg_w_per_exposure_short": 0.0,
              "calmar_ratio": 0.02705779924962051,
              "calmar_ratio_w": 0.05270960075191974,
              "drawdown_worst": 0.23902275521612487,
              "drawdown_worst_mean_1pct": 0.14702290179477315,
              "equity_balance_diff_neg_max": 0.24328738746256198,
              "equity_balance_diff_neg_mean": 0.002123170725561751,
              "equity_balance_diff_pos_max": 0.21154789204844066,
              "equity_balance_diff_pos_mean": 0.0008681902109801014,
              "equity_choppiness": 1.3968040375780553,
              "equity_choppiness_w": 1.368573954077867,
              "equity_jerkiness": 0.012706010092925126,
              "equity_jerkiness_w": 0.008117411282816123,
              "expected_shortfall_1pct": 0.11624778496048895,
              "exponential_fit_error": 0.0321475194501465,
              "exponential_fit_error_w": 0.006788447632523025,
              "gain": 22.359782447031126,
              "gain_per_exposure_long": 11.215219163881791,
              "gain_per_exposure_short": 0.0,
              "loss_profit_ratio": 0.3148606347161343,
              "loss_profit_ratio_long": 0.3148606347161343,
              "loss_profit_ratio_short": 1.0,
              "loss_profit_ratio_w": 0.3817151752852538,
              "mdg": 0.001131534989078157,
              "mdg_per_exposure_long": 0.0005675552937142785,
              "mdg_per_exposure_short": 0.0,
              "mdg_w": 0.0010845430743038503,
              "mdg_w_per_exposure_long": 0.0005439850901860111,
              "mdg_w_per_exposure_short": 0.0,
              "omega_ratio": 7.638993224365246,
              "omega_ratio_w": 7.3102708233890095,
              "pnl_ratio_long_short": 1.0,
              "position_held_hours_max": 52.36666666666667,
              "position_held_hours_mean": 1.5734091834656894,
              "position_held_hours_median": 0.95,
              "position_unchanged_hours_max": 20.366666666666667,
              "positions_held_per_day": 13.5850622406639,
              "sharpe_ratio": 0.16939803881468257,
              "sharpe_ratio_w": 0.17736629365036818,
              "sortino_ratio": 0.2861258017261053,
              "sortino_ratio_w": 0.24539774305057266,
              "sterling_ratio": 0.04398926730310948,
              "sterling_ratio_w": 0.055447918975384494,
              "volume_pct_per_day_avg": 1.8789445161794156,
              "volume_pct_per_day_avg_w": 1.4177658647936857},
 "backtest": {"base_dir": "backtests/pbgui/ENA_binance_optimizer",
              "cache_dir": {"combined": "caches/hlcvs_data/847a48cecac07c58"},
              "coins": {"combined": ["ENA"]},
              "combine_ohlcvs": true,
              "compress_cache": true,
              "end_date": "2025-07-30",
              "exchanges": ["binance"],
              "gap_tolerance_ohlcvs_minutes": 120,
              "start_date": "2020-06-01",
              "starting_balance": 200,
              "use_btc_collateral": false},
 "bot": {"long": {"close_grid_markup_end": 0.0079929,
                  "close_grid_markup_start": 0.0095899,
                  "close_grid_qty_pct": 0.056795,
                  "close_trailing_grid_ratio": 0.044103,
                  "close_trailing_qty_pct": 0.89389,
                  "close_trailing_retracement_pct": 0.016313,
                  "close_trailing_threshold_pct": 0.00033297,
                  "ema_span_0": 274.4,
                  "ema_span_1": 274.9,
                  "enforce_exposure_limit": true,
                  "entry_grid_double_down_factor": 1.9052,
                  "entry_grid_spacing_pct": 0.02058,
                  "entry_grid_spacing_weight": 0.6515,
                  "entry_initial_ema_dist": -0.0030962,
                  "entry_initial_qty_pct": 0.015293,
                  "entry_trailing_double_down_factor": 0.59592,
                  "entry_trailing_grid_ratio": -0.49552,
                  "entry_trailing_retracement_pct": 0.015487,
                  "entry_trailing_threshold_pct": -0.068966,
                  "filter_noisiness_rolling_window": 61.018,
                  "filter_volume_drop_pct": 0.49952,
                  "filter_volume_rolling_window": 62.033,
                  "n_positions": 1,
                  "total_wallet_exposure_limit": 1.9937,
                  "unstuck_close_pct": 0.0022568,
                  "unstuck_ema_dist": -0.0060878,
                  "unstuck_loss_allowance_pct": 0.037178,
                  "unstuck_threshold": 0.50658},
         "short": {"close_grid_markup_end": 0.0035084,
                   "close_grid_markup_start": 0.010057,
                   "close_grid_qty_pct": 0.070439,
                   "close_trailing_grid_ratio": -8.7967e-05,
                   "close_trailing_qty_pct": 0.078538,
                   "close_trailing_retracement_pct": 0.064308,
                   "close_trailing_threshold_pct": 0.052515,
                   "ema_span_0": 611.78,
                   "ema_span_1": 697.14,
                   "enforce_exposure_limit": true,
                   "entry_grid_double_down_factor": 0.23088,
                   "entry_grid_spacing_pct": 0.018652,
                   "entry_grid_spacing_weight": 0.79025,
                   "entry_initial_ema_dist": -0.082078,
                   "entry_initial_qty_pct": 0.037838,
                   "entry_trailing_double_down_factor": 0.91792,
                   "entry_trailing_grid_ratio": 0.010946,
                   "entry_trailing_retracement_pct": 0.00055992,
                   "entry_trailing_threshold_pct": 0.00029078,
                   "filter_noisiness_rolling_window": 226.17,
                   "filter_volume_drop_pct": 0.9938,
                   "filter_volume_rolling_window": 35.476,
                   "n_positions": 12,
                   "total_wallet_exposure_limit": 0,
                   "unstuck_close_pct": 0.0083248,
                   "unstuck_ema_dist": -0.014389,
                   "unstuck_loss_allowance_pct": 0.027078,
                   "unstuck_threshold": 0.40673}},
 "coin_overrides": {},
 "disable_plotting": false,
 "live": {"approved_coins": {"long": ["ENAUSDT"], "short": ["ENAUSDT"]},
          "auto_gs": true,
          "empty_means_all_approved": false,
          "execution_delay_seconds": 2,
          "filter_by_min_effective_cost": true,
          "forced_mode_long": "",
          "forced_mode_short": "",
          "ignored_coins": {"long": [], "short": []},
          "leverage": 10,
          "market_orders_allowed": true,
          "max_n_cancellations_per_batch": 5,
          "max_n_creations_per_batch": 3,
          "max_n_restarts_per_day": 10,
          "mimic_backtest_1m_delay": false,
          "minimum_coin_age_days": 7,
          "ohlcvs_1m_rolling_window_days": 7,
          "ohlcvs_1m_update_after_minutes": 10,
          "pnls_max_lookback_days": 30,
          "price_distance_threshold": 0.002,
          "time_in_force": "good_till_cancelled",
          "user": "bybit_01"},
 "optimize": {"bounds": {"long_close_grid_markup_end": [0.001, 0.03],
                         "long_close_grid_markup_start": [0.001, 0.03],
                         "long_close_grid_qty_pct": [0.05, 1],
                         "long_close_trailing_grid_ratio": [-1, 1],
                         "long_close_trailing_qty_pct": [0.05, 1],
                         "long_close_trailing_retracement_pct": [0, 0.1],
                         "long_close_trailing_threshold_pct": [-0.1, 0.1],
                         "long_ema_span_0": [200, 1440],
                         "long_ema_span_1": [200, 1440],
                         "long_entry_grid_double_down_factor": [0.1, 3],