{
    "adg": 0.013408422830549105,
    "adg_per_exposure_long": 0.0038464737458186135,
    "adg_per_exposure_short": 0.0,
    "adg_w": 0.007275147778499513,
    "adg_w_per_exposure_long": 0.0020870213656443135,
    "adg_w_per_exposure_short": 0.0,
    "calmar_ratio": 0.04818120118510419,
    "calmar_ratio_w": 0.1575934697359909,
    "drawdown_worst": 0.27829158469993653,
    "drawdown_worst_mean_1pct": 0.24029881308444503,
    "equity_balance_diff_neg_max": 0.2780319511274544,
    "equity_balance_diff_neg_mean": 0.005394678369485119,
    "equity_balance_diff_pos_max": 0.3471527312889225,
    "equity_balance_diff_pos_mean": 0.006036218581277968,
    "equity_choppiness": 1.2212400692585992,
    "equity_choppiness_w": 1.1583693722947674,
    "equity_jerkiness": 0.0274325511398593,
    "equity_jerkiness_w": 0.01546001920737019,
    "expected_shortfall_1pct": 0.2149291211442926,
    "exponential_fit_error": 0.09154239687999363,
    "exponential_fit_error_w": 0.01386894427454341,
    "gain": 162.06254390033567,
    "gain_per_exposure_long": 46.490875785402814,
    "gain_per_exposure_short": 0.0,
    "loss_profit_ratio": 0.0462207208585838,
    "loss_profit_ratio_long": 0.0462207208585838,
    "loss_profit_ratio_short": 1.0,
    "loss_profit_ratio_w": 0.04025195910943471,
    "mdg": 0.0007682009261105982,
    "mdg_per_exposure_long": 0.00022037377036363584,
    "mdg_per_exposure_short": 0.0,
    "mdg_w": 0.00079929317261292,
    "mdg_w_per_exposure_long": 0.0002292932019314725,
    "mdg_w_per_exposure_short": 0.0,
    "omega_ratio": 15.804753545790714,
    "omega_ratio_w": 18.345463496048886,
    "pnl_ratio_long_short": 1.0,
    "position_held_hours_max": 60.166666666666664,
    "position_held_hours_mean": 1.8855236656596173,
    "position_held_hours_median": 0.4583333333333333,
    "position_unchanged_hours_max": 50.85,
    "positions_held_per_day": 3.4659685863874348,
    "sharpe_ratio": 0.14207227083605012,
    "sharpe_ratio_w": 0.17956170711394231,
    "sortino_ratio": 0.31288747361865754,
    "sortino_ratio_w": 0.5452944259398219,
    "sterling_ratio": 0.055798955718674985,
    "sterling_ratio_w": 0.158355245189348,
    "volume_pct_per_day_avg": 1.8215192290002162,
    "volume_pct_per_day_avg_w": 1.1183206966237305
}