{"analysis": {"adg": 0.013408422830549105,
              "adg_per_exposure_long": 0.0038464737458186135,
              "adg_per_exposure_short": 0.0,
              "adg_w": 0.007275147778499513,
              "adg_w_per_exposure_long": 0.0020870213656443135,
              "adg_w_per_exposure_short": 0.0,
              "calmar_ratio": 0.04818120118510419,
              "calmar_ratio_w": 0.1575934697359909,
              "drawdown_worst": 0.27829158469993653,
              "drawdown_worst_mean_1pct": 0.24029881308444503,
              "equity_balance_diff_neg_max": 0.2780319511274544,
              "equity_balance_diff_neg_mean": 0.005394678369485119,
              "equity_balance_diff_pos_max": 0.3471527312889225,
              "equity_balance_diff_pos_mean": 0.006036218581277968,
              "equity_choppiness": 1.2212400692585992,
              "equity_choppiness_w": 1.1583693722947674,
              "equity_jerkiness": 0.0274325511398593,
              "equity_jerkiness_w": 0.01546001920737019,
              "expected_shortfall_1pct": 0.2149291211442926,
              "exponential_fit_error": 0.09154239687999363,
              "exponential_fit_error_w": 0.01386894427454341,
              "gain": 162.06254390033567,
              "gain_per_exposure_long": 46.490875785402814,
              "gain_per_exposure_short": 0.0,
              "loss_profit_ratio": 0.0462207208585838,
              "loss_profit_ratio_long": 0.0462207208585838,
              "loss_profit_ratio_short": 1.0,
              "loss_profit_ratio_w": 0.04025195910943471,
              "mdg": 0.0007682009261105982,
              "mdg_per_exposure_long": 0.00022037377036363584,
              "mdg_per_exposure_short": 0.0,
              "mdg_w": 0.00079929317261292,
              "mdg_w_per_exposure_long": 0.0002292932019314725,
              "mdg_w_per_exposure_short": 0.0,
              "omega_ratio": 15.804753545790714,
              "omega_ratio_w": 18.345463496048886,
              "pnl_ratio_long_short": 1.0,
              "position_held_hours_max": 60.166666666666664,
              "position_held_hours_mean": 1.8855236656596173,
              "position_held_hours_median": 0.4583333333333333,
              "position_unchanged_hours_max": 50.85,
              "positions_held_per_day": 3.4659685863874348,
              "sharpe_ratio": 0.14207227083605012,
              "sharpe_ratio_w": 0.17956170711394231,
              "sortino_ratio": 0.31288747361865754,
              "sortino_ratio_w": 0.5452944259398219,
              "sterling_ratio": 0.055798955718674985,
              "sterling_ratio_w": 0.158355245189348,
              "volume_pct_per_day_avg": 1.8215192290002162,
              "volume_pct_per_day_avg_w": 1.1183206966237305},
 "backtest": {"base_dir": "backtests/pbgui/POPCAT_bybit_optimize",
              "cache_dir": {"combined": "caches/hlcvs_data/2d8558577cb42458"},
              "coins": {"combined": ["POPCAT"]},
              "combine_ohlcvs": true,
              "compress_cache": true,
              "end_date": "2025-06-11",
              "exchanges": ["bybit"],
              "gap_tolerance_ohlcvs_minutes": 120,
              "start_date": "2020-01-01",
              "starting_balance": 200,
              "use_btc_collateral": false},
 "bot": {"long": {"close_grid_markup_end": 0.029227,
                  "close_grid_markup_start": 0.0021284,
                  "close_grid_qty_pct": 0.12343,
                  "close_trailing_grid_ratio": -0.99644,
                  "close_trailing_qty_pct": 0.14958,
                  "close_trailing_retracement_pct": 0.0097572,
                  "close_trailing_threshold_pct": 0.0047849,
                  "ema_span_0": 727.87,
                  "ema_span_1": 102.59,
                  "enforce_exposure_limit": true,
                  "entry_grid_double_down_factor": 3.4775,
                  "entry_grid_spacing_pct": 0.081249,
                  "entry_grid_spacing_weight": 0.29824,
                  "entry_initial_ema_dist": 0.019077,
                  "entry_initial_qty_pct": 0.019471,
                  "entry_trailing_double_down_factor": 9.98,
                  "entry_trailing_grid_ratio": -0.90346,
                  "entry_trailing_retracement_pct": 0.050088,
                  "entry_trailing_threshold_pct": -0.00618,
                  "filter_noisiness_rolling_window": 109.66,
                  "filter_volume_drop_pct": 0.00017839,
                  "filter_volume_rolling_window": 63.774,
                  "n_positions": 1,
                  "total_wallet_exposure_limit": 3.4859,
                  "unstuck_close_pct": 0.020279,
                  "unstuck_ema_dist": 0.0093693,
                  "unstuck_loss_allowance_pct": 0.23567,
                  "unstuck_threshold": 0.85936},
         "short": {"close_grid_markup_end": 0.001,
                   "close_grid_markup_start": 0.001,
                   "close_grid_qty_pct": 0.05,
                   "close_trailing_grid_ratio": -1,
                   "close_trailing_qty_pct": 0.05,
                   "close_trailing_retracement_pct": 0,
                   "close_trailing_threshold_pct": -0.1,
                   "ema_span_0": 200,
                   "ema_span_1": 200,
                   "enforce_exposure_limit": true,
                   "entry_grid_double_down_factor": 0.1,
                   "entry_grid_spacing_pct": 0.01,
                   "entry_grid_spacing_weight": 0.2,
                   "entry_initial_ema_dist": -0.1,
                   "entry_initial_qty_pct": 0.025,
                   "entry_trailing_double_down_factor": 0.1,
                   "entry_trailing_grid_ratio": -1,
                   "entry_trailing_retracement_pct": 0,
                   "entry_trailing_threshold_pct": -0.1,
                   "filter_noisiness_rolling_window": 10,
                   "filter_volume_drop_pct": 0,
                   "filter_volume_rolling_window": 10,
                   "n_positions": 0,
                   "total_wallet_exposure_limit": 0,
                   "unstuck_close_pct": 0.005,
                   "unstuck_ema_dist": -0.1,
                   "unstuck_loss_allowance_pct": 0.01,
                   "unstuck_threshold": 0.7}},
 "coin_overrides": {},
 "disable_plotting": false,
 "live": {"approved_coins": {"long": ["POPCATUSDT"], "short": []},
          "auto_gs": true,
          "empty_means_all_approved": false,
          "execution_delay_seconds": 2,
          "filter_by_min_effective_cost": true,
          "forced_mode_long": "",
          "forced_mode_short": "",
          "ignored_coins": {"long": [], "short": []},
          "leverage": 10,
          "market_orders_allowed": true,
          "max_n_cancellations_per_batch": 5,
          "max_n_creations_per_batch": 3,
          "max_n_restarts_per_day": 10,
          "mimic_backtest_1m_delay": false,
          "minimum_coin_age_days": 30,
          "ohlcvs_1m_rolling_window_days": 4,
          "ohlcvs_1m_update_after_minutes": 10,
          "pnls_max_lookback_days": 30,
          "price_distance_threshold": 0.002,
          "time_in_force": "good_till_cancelled",
          "user": "bybit_01"},
 "optimize": {"bounds": {"long_close_grid_markup_end": [0.001, 0.03],
                         "long_close_grid_markup_start": [0.001, 0.03],
                         "long_close_grid_qty_pct": [0.05, 0.4],
                         "long_close_trailing_grid_ratio": [-1, 1],
                         "long_close_trailing_qty_pct": [0.05, 0.25],
                         "long_close_trailing_retracement_pct": [0.003, 0.01],
                         "long_close_trailing_threshold_pct": [0.001, 0.005],
                         "long_ema_span_0": [100, 800],
                         "long_ema_span_1": [100, 800],
                         "long_entry_grid_double_down_factor": [0.4, 10],
                         "long_entry_grid_spacing_pct": [0.01, 0.12],
                         "long_entry_grid_spacing_weight": [0.2, 2],