{
    "adg": 0.04548895551533927,
    "adg_per_exposure_long": 0.0050916102926248045,
    "adg_per_exposure_short": 0.0,
    "adg_w": 0.01973463353523941,
    "adg_w_per_exposure_long": 0.00220891119813293,
    "adg_w_per_exposure_short": 0.0,
    "calmar_ratio": 0.10606914443024458,
    "calmar_ratio_w": 0.06371289681480312,
    "drawdown_worst": 0.42886134096475786,
    "drawdown_worst_mean_1pct": 0.3641857761243312,
    "equity_balance_diff_neg_max": 0.5915677451440676,
    "equity_balance_diff_neg_mean": 0.014938707380334385,
    "equity_balance_diff_pos_max": 1.0251557821130226,
    "equity_balance_diff_pos_mean": 0.003963481777058272,
    "equity_choppiness": 1.391307679934001,
    "equity_choppiness_w": 1.3539052825195932,
    "equity_jerkiness": 0.07761466423171931,
    "equity_jerkiness_w": 0.04872946255071294,
    "expected_shortfall_1pct": 0.35224826872184706,
    "exponential_fit_error": 1.8180665369813216,
    "exponential_fit_error_w": 0.18592291239263736,
    "gain": 11923.50136402292,
    "gain_per_exposure_long": 1334.6057648809526,
    "gain_per_exposure_short": 0.0,
    "loss_profit_ratio": 0.005271467861571488,
    "loss_profit_ratio_long": 0.005271467861571488,
    "loss_profit_ratio_short": 1.0,
    "loss_profit_ratio_w": 0.008606504099757967,
    "mdg": 0.01083500660968399,
    "mdg_per_exposure_long": 0.0012127697932286397,
    "mdg_per_exposure_short": 0.0,
    "mdg_w": 0.006194380597658047,
    "mdg_w_per_exposure_long": 0.0006933413099985501,
    "mdg_w_per_exposure_short": 0.0,
    "omega_ratio": 14.087416877221399,
    "omega_ratio_w": 8.14110554981183,
    "pnl_ratio_long_short": 1.0,
    "position_held_hours_max": 111.23333333333333,
    "position_held_hours_mean": 6.344063926940639,
    "position_held_hours_median": 2.158333333333333,
    "position_unchanged_hours_max": 89.51666666666667,
    "positions_held_per_day": 2.075829383886256,
    "sharpe_ratio": 0.16822976854816651,
    "sharpe_ratio_w": 0.1482247365940237,
    "sortino_ratio": 0.4940978714202356,
    "sortino_ratio_w": 0.2617556072617547,
    "sterling_ratio": 0.12490590928463272,
    "sterling_ratio_w": 0.06559657330024195,
    "volume_pct_per_day_avg": 5.32047413336441,
    "volume_pct_per_day_avg_w": 2.9529116886425726
}