{
    "adg": 0.0020874810809585753,
    "adg_per_exposure_long": 0.0016889005509373588,
    "adg_per_exposure_short": 0.0020874810809585753,
    "adg_w": 0.0022378138978417896,
    "adg_w_per_exposure_long": 0.0018105290435613184,
    "adg_w_per_exposure_short": 0.0022378138978417896,
    "calmar_ratio": 0.006040939222677644,
    "calmar_ratio_w": 0.008943913663964536,
    "drawdown_worst": 0.34555571642273536,
    "drawdown_worst_mean_1pct": 0.23366051157607085,
    "equity_balance_diff_neg_max": 0.35155714066752924,
    "equity_balance_diff_neg_mean": 0.0026805550890561533,
    "equity_balance_diff_pos_max": 0.09188118886442179,
    "equity_balance_diff_pos_mean": 0.0008662817367404489,
    "equity_choppiness": 2.383071251048943,
    "equity_choppiness_w": 1.710747884430365,
    "equity_jerkiness": 0.007638923584469506,
    "equity_jerkiness_w": 0.006250506188605029,
    "expected_shortfall_1pct": 0.17309804641888962,
    "exponential_fit_error": 0.062321803342514775,
    "exponential_fit_error_w": 0.010091469307397873,
    "gain": 26.19551284554636,
    "gain_per_exposure_long": 21.193780619374078,
    "gain_per_exposure_short": 26.19551284554636,
    "loss_profit_ratio": 0.21282903290371719,
    "loss_profit_ratio_long": 0.21282903290371719,
    "loss_profit_ratio_short": 1.0,
    "loss_profit_ratio_w": 0.1384463981491979,
    "mdg": 0.00026021094005860445,
    "mdg_per_exposure_long": 0.0002105266505328515,
    "mdg_per_exposure_short": 0.00026021094005860445,
    "mdg_w": 0.0003200388047962709,
    "mdg_w_per_exposure_long": 0.0002589310718416431,
    "mdg_w_per_exposure_short": 0.0003200388047962709,
    "omega_ratio": 2.7959734088849366,
    "omega_ratio_w": 4.5906694779093495,
    "pnl_ratio_long_short": 1.0,
    "position_held_hours_max": 439.51666666666665,
    "position_held_hours_mean": 13.494351311953352,
    "position_held_hours_median": 4.191666666666666,
    "position_unchanged_hours_max": 367.1666666666667,
    "positions_held_per_day": 1.752602606176707,
    "sharpe_ratio": 0.05402187925629281,
    "sharpe_ratio_w": 0.06516321257481755,
    "sortino_ratio": 0.06534848801999091,
    "sortino_ratio_w": 0.07691186551203402,
    "sterling_ratio": 0.008933820553923473,
    "sterling_ratio_w": 0.01148545018127707,
    "volume_pct_per_day_avg": 0.4736720401749627,
    "volume_pct_per_day_avg_w": 0.4675789739372713
}