{"analysis": {"adg": 0.0020874810809585753,
              "adg_per_exposure_long": 0.0016889005509373588,
              "adg_per_exposure_short": 0.0020874810809585753,
              "adg_w": 0.0022378138978417896,
              "adg_w_per_exposure_long": 0.0018105290435613184,
              "adg_w_per_exposure_short": 0.0022378138978417896,
              "calmar_ratio": 0.006040939222677644,
              "calmar_ratio_w": 0.008943913663964536,
              "drawdown_worst": 0.34555571642273536,
              "drawdown_worst_mean_1pct": 0.23366051157607085,
              "equity_balance_diff_neg_max": 0.35155714066752924,
              "equity_balance_diff_neg_mean": 0.0026805550890561533,
              "equity_balance_diff_pos_max": 0.09188118886442179,
              "equity_balance_diff_pos_mean": 0.0008662817367404489,
              "equity_choppiness": 2.383071251048943,
              "equity_choppiness_w": 1.710747884430365,
              "equity_jerkiness": 0.007638923584469506,
              "equity_jerkiness_w": 0.006250506188605029,
              "expected_shortfall_1pct": 0.17309804641888962,
              "exponential_fit_error": 0.062321803342514775,
              "exponential_fit_error_w": 0.010091469307397873,
              "gain": 26.19551284554636,
              "gain_per_exposure_long": 21.193780619374078,
              "gain_per_exposure_short": 26.19551284554636,
              "loss_profit_ratio": 0.21282903290371719,
              "loss_profit_ratio_long": 0.21282903290371719,
              "loss_profit_ratio_short": 1.0,
              "loss_profit_ratio_w": 0.1384463981491979,
              "mdg": 0.00026021094005860445,
              "mdg_per_exposure_long": 0.0002105266505328515,
              "mdg_per_exposure_short": 0.00026021094005860445,
              "mdg_w": 0.0003200388047962709,
              "mdg_w_per_exposure_long": 0.0002589310718416431,
              "mdg_w_per_exposure_short": 0.0003200388047962709,
              "omega_ratio": 2.7959734088849366,
              "omega_ratio_w": 4.5906694779093495,
              "pnl_ratio_long_short": 1.0,
              "position_held_hours_max": 439.51666666666665,
              "position_held_hours_mean": 13.494351311953352,
              "position_held_hours_median": 4.191666666666666,
              "position_unchanged_hours_max": 367.1666666666667,
              "positions_held_per_day": 1.752602606176707,
              "sharpe_ratio": 0.05402187925629281,
              "sharpe_ratio_w": 0.06516321257481755,
              "sortino_ratio": 0.06534848801999091,
              "sortino_ratio_w": 0.07691186551203402,
              "sterling_ratio": 0.008933820553923473,
              "sterling_ratio_w": 0.01148545018127707,
              "volume_pct_per_day_avg": 0.4736720401749627,
              "volume_pct_per_day_avg_w": 0.4675789739372713},
 "backtest": {"base_dir": "backtests/pbgui/ADA_bybit",
              "cache_dir": {"combined": "caches/hlcvs_data/edc583fff279865c"},
              "coins": {"combined": ["ADA"]},
              "combine_ohlcvs": true,
              "compress_cache": true,
              "end_date": "2025-07-01",
              "exchanges": ["bybit"],
              "gap_tolerance_ohlcvs_minutes": 120,
              "start_date": "2020-05-01",
              "starting_balance": 200,
              "use_btc_collateral": false},
 "bot": {"long": {"close_grid_markup_end": 0.01914,
                  "close_grid_markup_start": 0.05256,
                  "close_grid_qty_pct": 0.06045,
                  "close_trailing_grid_ratio": 0.8727,
                  "close_trailing_qty_pct": 0.38,
                  "close_trailing_retracement_pct": 0.0104,
                  "close_trailing_threshold_pct": 0.0128,
                  "ema_span_0": 216.7,
                  "ema_span_1": 2864,
                  "enforce_exposure_limit": true,
                  "entry_grid_double_down_factor": 1.694,
                  "entry_grid_spacing_pct": 0.02558,
                  "entry_grid_spacing_weight": 0.6569,
                  "entry_initial_ema_dist": -0.08307,
                  "entry_initial_qty_pct": 0.01172,
                  "entry_trailing_double_down_factor": 1.121,
                  "entry_trailing_grid_ratio": 0.04855,
                  "entry_trailing_retracement_pct": 0.01662,
                  "entry_trailing_threshold_pct": 0.04782,
                  "filter_noisiness_rolling_window": 350,
                  "filter_volume_drop_pct": 0.04255,
                  "filter_volume_rolling_window": 2195,
                  "n_positions": 1,
                  "total_wallet_exposure_limit": 1.236,
                  "unstuck_close_pct": 0.06112,
                  "unstuck_ema_dist": -0.06277,
                  "unstuck_loss_allowance_pct": 0.06552,
                  "unstuck_threshold": 0.4338},
         "short": {"close_grid_markup_end": 0.001,
                   "close_grid_markup_start": 0.001,
                   "close_grid_qty_pct": 0.05,
                   "close_trailing_grid_ratio": -1,
                   "close_trailing_qty_pct": 0.05,
                   "close_trailing_retracement_pct": 0.0001,
                   "close_trailing_threshold_pct": -0.01,
                   "ema_span_0": 200,
                   "ema_span_1": 200,
                   "enforce_exposure_limit": true,
                   "entry_grid_double_down_factor": 0.01,
                   "entry_grid_spacing_pct": 0.001,
                   "entry_grid_spacing_weight": 0,
                   "entry_initial_ema_dist": -0.1,
                   "entry_initial_qty_pct": 0.01,
                   "entry_trailing_double_down_factor": 0.01,
                   "entry_trailing_grid_ratio": -1,
                   "entry_trailing_retracement_pct": 0.0001,
                   "entry_trailing_threshold_pct": -0.01,
                   "filter_noisiness_rolling_window": 0,
                   "filter_volume_drop_pct": 0,
                   "filter_volume_rolling_window": 0,
                   "n_positions": 0,
                   "total_wallet_exposure_limit": 1,
                   "unstuck_close_pct": 0.001,
                   "unstuck_ema_dist": -0.1,
                   "unstuck_loss_allowance_pct": 0.001,
                   "unstuck_threshold": 0.4}},
 "coin_overrides": {},
 "disable_plotting": false,
 "live": {"approved_coins": {"long": ["ADAUSDT"], "short": ["ADAUSDT"]},
          "auto_gs": true,
          "base_config_path": "",
          "empty_means_all_approved": true,
          "execution_delay_seconds": 2,
          "filter_by_min_effective_cost": true,
          "forced_mode_long": "",
          "forced_mode_short": "",
          "ignored_coins": {"long": [], "short": []},
          "leverage": 10,
          "market_orders_allowed": true,
          "max_n_cancellations_per_batch": 5,
          "max_n_creations_per_batch": 3,
          "max_n_restarts_per_day": 10,
          "mimic_backtest_1m_delay": true,
          "minimum_coin_age_days": 30,
          "ohlcvs_1m_rolling_window_days": 4,
          "ohlcvs_1m_update_after_minutes": 10,
          "pnls_max_lookback_days": 30,
          "price_distance_threshold": 0.002,
          "time_in_force": "good_till_cancelled",
          "user": "bybit_01"},
 "optimize": {"bounds": {"long_close_grid_markup_end": [0.001, 0.06],
                         "long_close_grid_markup_start": [0.001, 0.06],
                         "long_close_grid_qty_pct": [0.05, 1],
                         "long_close_trailing_grid_ratio": [-1, 1],
                         "long_close_trailing_qty_pct": [0.05, 1],
                         "long_close_trailing_retracement_pct": [0.0001, 0.2],
                         "long_close_trailing_threshold_pct": [-0.01, 0.2],
                         "long_ema_span_0": [200, 2880],
                         "long_ema_span_1": [200, 2880],
                         "long_entry_grid_double_down_factor": [0.1, 3],