{
    "adg": 0.0051726325159409114,
    "adg_per_exposure_long": 0.0009993494041616907,
    "adg_per_exposure_short": 0.0,
    "adg_w": 0.003122734012343953,
    "adg_w_per_exposure_long": 0.0006033102805919538,
    "adg_w_per_exposure_short": 0.0,
    "calmar_ratio": 0.013011746212935143,
    "calmar_ratio_w": 0.01644104067521599,
    "drawdown_worst": 0.39753561369024637,
    "drawdown_worst_mean_1pct": 0.23206798756560554,
    "equity_balance_diff_neg_max": 0.46403117360596163,
    "equity_balance_diff_neg_mean": 0.0017271250581981522,
    "equity_balance_diff_pos_max": 0.31417921397314924,
    "equity_balance_diff_pos_mean": 0.00045655402517986055,
    "equity_choppiness": 1.23547068040684,
    "equity_choppiness_w": 1.4090198733638815,
    "equity_jerkiness": 0.008512537011643319,
    "equity_jerkiness_w": 0.0067372175881576304,
    "expected_shortfall_1pct": 0.21402152047729942,
    "exponential_fit_error": 0.12478758805565096,
    "exponential_fit_error_w": 0.02157013934883983,
    "gain": 1693.4986701218345,
    "gain_per_exposure_long": 327.18289608227093,
    "gain_per_exposure_short": 0.0,
    "loss_profit_ratio": 0.01785085544215289,
    "loss_profit_ratio_long": 0.01785085544215289,
    "loss_profit_ratio_short": 1.0,
    "loss_profit_ratio_w": 0.030471849188262207,
    "mdg": 0.0010140093029993836,
    "mdg_per_exposure_long": 0.00019590597044037548,
    "mdg_per_exposure_short": 0.0,
    "mdg_w": 0.0007576179923666845,
    "mdg_w_per_exposure_long": 0.0001463713277369947,
    "mdg_w_per_exposure_short": 0.0,
    "omega_ratio": 19.012074931034523,
    "omega_ratio_w": 10.3892769924846,
    "pnl_ratio_long_short": 1.0,
    "position_held_hours_max": 72.21666666666667,
    "position_held_hours_mean": 1.7439307431648332,
    "position_held_hours_median": 0.5333333333333333,
    "position_unchanged_hours_max": 52.18333333333333,
    "positions_held_per_day": 4.984375384108153,
    "sharpe_ratio": 0.06736602937686019,
    "sharpe_ratio_w": 0.08243574715520731,
    "sortino_ratio": 0.11923009880965876,
    "sortino_ratio_w": 0.1116241971139861,
    "sterling_ratio": 0.022289297934634824,
    "sterling_ratio_w": 0.01914384393206947,
    "volume_pct_per_day_avg": 1.5953521947074536,
    "volume_pct_per_day_avg_w": 1.1342892461122958
}