{
    "adg": 0.003702656964563289,
    "adg_per_exposure_long": 0.0007223568934728802,
    "adg_per_exposure_short": 0.0,
    "adg_w": 0.002230613482800603,
    "adg_w_per_exposure_long": 0.000435173725623435,
    "adg_w_per_exposure_short": 0.0,
    "calmar_ratio": 0.009373236370826566,
    "calmar_ratio_w": 0.01138155446941799,
    "drawdown_worst": 0.3950243883838785,
    "drawdown_worst_mean_1pct": 0.2923579719271227,
    "equity_balance_diff_neg_max": 0.44319830754345413,
    "equity_balance_diff_neg_mean": 0.02414915049147475,
    "equity_balance_diff_pos_max": 0.6422279081021118,
    "equity_balance_diff_pos_mean": 0.0006900369274256309,
    "equity_choppiness": 2.9298111330578602,
    "equity_choppiness_w": 2.888446005070545,
    "equity_jerkiness": 0.01829959732630363,
    "equity_jerkiness_w": 0.010775251538845877,
    "expected_shortfall_1pct": 0.1800411857142334,
    "exponential_fit_error": 0.15259246357207232,
    "exponential_fit_error_w": 0.020471567257363512,
    "flat_btc_balance_hours": 0.0,
    "gain": 359.15133822512723,
    "gain_per_exposure_long": 70.06737255162652,
    "gain_per_exposure_short": 0.0,
    "loss_profit_ratio": 0.03944730016158732,
    "loss_profit_ratio_long": 0.03944730016158732,
    "loss_profit_ratio_short": 1.0,
    "loss_profit_ratio_w": 0.012341593530923947,
    "mdg": 0.0007756559024691039,
    "mdg_per_exposure_long": 0.00015132387187738575,
    "mdg_per_exposure_short": 0.0,
    "mdg_w": 0.00026656213478193385,
    "mdg_w_per_exposure_long": 5.2004006161366785e-05,
    "mdg_w_per_exposure_short": 0.0,
    "omega_ratio": 2.192775738779942,
    "omega_ratio_w": 2.169827806952019,
    "pnl_ratio_long_short": 1.0,
    "position_held_hours_max": 860.2333333333333,
    "position_held_hours_mean": 38.091137051448335,
    "position_held_hours_median": 1.8666666666666667,
    "position_unchanged_hours_max": 304.1166666666667,
    "positions_held_per_day": 0.4843873388451386,
    "sharpe_ratio": 0.04173541060367054,
    "sharpe_ratio_w": 0.06274359449217773,
    "sortino_ratio": 0.10464869753857439,
    "sortino_ratio_w": 0.11112282454385525,
    "sterling_ratio": 0.012664805889015626,
    "sterling_ratio_w": 0.012562387435154051,
    "volume_pct_per_day_avg": 1.440470292719107,
    "volume_pct_per_day_avg_w": 0.9141793567377349
}