{
    "adg": 0.006920336232394408,
    "adg_per_exposure_long": 0.002451412055400074,
    "adg_per_exposure_short": 0.0,
    "adg_w": 0.004236921673472227,
    "adg_w_per_exposure_long": 0.0015008578368658262,
    "adg_w_per_exposure_short": 0.0,
    "calmar_ratio": 0.040172043373666914,
    "calmar_ratio_w": 0.050289142691648595,
    "drawdown_worst": 0.17226746889680852,
    "drawdown_worst_mean_1pct": 0.14175256348608894,
    "equity_balance_diff_neg_max": 0.20647136768992314,
    "equity_balance_diff_neg_mean": 0.001729376163861289,
    "equity_balance_diff_pos_max": 0.19445560615352128,
    "equity_balance_diff_pos_mean": 0.000805655896437967,
    "equity_choppiness": 1.4056769172482508,
    "equity_choppiness_w": 1.3955349689268248,
    "equity_jerkiness": 0.013806439310364394,
    "equity_jerkiness_w": 0.009531061039643886,
    "expected_shortfall_1pct": 0.11989868275369278,
    "exponential_fit_error": 0.0162119071845658,
    "exponential_fit_error_w": 0.003129299544023132,
    "gain": 27.774360022082853,
    "gain_per_exposure_long": 9.838597244804411,
    "gain_per_exposure_short": 0.0,
    "loss_profit_ratio": 0.3884257583669934,
    "loss_profit_ratio_long": 0.3884257583669934,
    "loss_profit_ratio_short": 1.0,
    "loss_profit_ratio_w": 0.41147313549149456,
    "mdg": 0.001334854109204093,
    "mdg_per_exposure_long": 0.0004728494896224205,
    "mdg_per_exposure_short": 0.0,
    "mdg_w": 0.001421026427947347,
    "mdg_w_per_exposure_long": 0.0005033745759643453,
    "mdg_w_per_exposure_short": 0.0,
    "omega_ratio": 7.824324889880112,
    "omega_ratio_w": 6.927084223862981,
    "pnl_ratio_long_short": 1.0,
    "position_held_hours_max": 28.966666666666665,
    "position_held_hours_mean": 1.5268592790651614,
    "position_held_hours_median": 0.9333333333333333,
    "position_unchanged_hours_max": 20.366666666666667,
    "positions_held_per_day": 13.966804979253112,
    "sharpe_ratio": 0.16346723937044963,
    "sharpe_ratio_w": 0.1642723129472309,
    "sortino_ratio": 0.23745082495282574,
    "sortino_ratio_w": 0.2080282316081786,
    "sterling_ratio": 0.04881983127644492,
    "sterling_ratio_w": 0.05143735528766215,
    "volume_pct_per_day_avg": 2.5148087155869465,
    "volume_pct_per_day_avg_w": 1.9234293693364197
}