{"analysis": {"adg": 0.006920336232394408,
              "adg_per_exposure_long": 0.002451412055400074,
              "adg_per_exposure_short": 0.0,
              "adg_w": 0.004236921673472227,
              "adg_w_per_exposure_long": 0.0015008578368658262,
              "adg_w_per_exposure_short": 0.0,
              "calmar_ratio": 0.040172043373666914,
              "calmar_ratio_w": 0.050289142691648595,
              "drawdown_worst": 0.17226746889680852,
              "drawdown_worst_mean_1pct": 0.14175256348608894,
              "equity_balance_diff_neg_max": 0.20647136768992314,
              "equity_balance_diff_neg_mean": 0.001729376163861289,
              "equity_balance_diff_pos_max": 0.19445560615352128,
              "equity_balance_diff_pos_mean": 0.000805655896437967,
              "equity_choppiness": 1.4056769172482508,
              "equity_choppiness_w": 1.3955349689268248,
              "equity_jerkiness": 0.013806439310364394,
              "equity_jerkiness_w": 0.009531061039643886,
              "expected_shortfall_1pct": 0.11989868275369278,
              "exponential_fit_error": 0.0162119071845658,
              "exponential_fit_error_w": 0.003129299544023132,
              "gain": 27.774360022082853,
              "gain_per_exposure_long": 9.838597244804411,
              "gain_per_exposure_short": 0.0,
              "loss_profit_ratio": 0.3884257583669934,
              "loss_profit_ratio_long": 0.3884257583669934,
              "loss_profit_ratio_short": 1.0,
              "loss_profit_ratio_w": 0.41147313549149456,
              "mdg": 0.001334854109204093,
              "mdg_per_exposure_long": 0.0004728494896224205,
              "mdg_per_exposure_short": 0.0,
              "mdg_w": 0.001421026427947347,
              "mdg_w_per_exposure_long": 0.0005033745759643453,
              "mdg_w_per_exposure_short": 0.0,
              "omega_ratio": 7.824324889880112,
              "omega_ratio_w": 6.927084223862981,
              "pnl_ratio_long_short": 1.0,
              "position_held_hours_max": 28.966666666666665,
              "position_held_hours_mean": 1.5268592790651614,
              "position_held_hours_median": 0.9333333333333333,
              "position_unchanged_hours_max": 20.366666666666667,
              "positions_held_per_day": 13.966804979253112,
              "sharpe_ratio": 0.16346723937044963,
              "sharpe_ratio_w": 0.1642723129472309,
              "sortino_ratio": 0.23745082495282574,
              "sortino_ratio_w": 0.2080282316081786,
              "sterling_ratio": 0.04881983127644492,
              "sterling_ratio_w": 0.05143735528766215,
              "volume_pct_per_day_avg": 2.5148087155869465,
              "volume_pct_per_day_avg_w": 1.9234293693364197},
 "backtest": {"base_dir": "backtests/pbgui/ENA_binance_optimize",
              "cache_dir": {"combined": "caches/hlcvs_data/847a48cecac07c58"},
              "coins": {"combined": ["ENA"]},
              "combine_ohlcvs": true,
              "compress_cache": true,
              "end_date": "2025-07-30",
              "exchanges": ["binance"],
              "gap_tolerance_ohlcvs_minutes": 120,
              "start_date": "2020-06-01",
              "starting_balance": 200,
              "use_btc_collateral": false},
 "bot": {"long": {"close_grid_markup_end": 0.0094318,
                  "close_grid_markup_start": 0.0095896,
                  "close_grid_qty_pct": 0.82737,
                  "close_trailing_grid_ratio": 0.044106,
                  "close_trailing_qty_pct": 0.89451,
                  "close_trailing_retracement_pct": 0.016311,
                  "close_trailing_threshold_pct": 0.00033296,
                  "ema_span_0": 274.46,
                  "ema_span_1": 274.71,
                  "enforce_exposure_limit": true,
                  "entry_grid_double_down_factor": 1.9053,
                  "entry_grid_spacing_pct": 0.02058,
                  "entry_grid_spacing_weight": 0.66591,
                  "entry_initial_ema_dist": -0.0030962,
                  "entry_initial_qty_pct": 0.014511,
                  "entry_trailing_double_down_factor": 0.59547,
                  "entry_trailing_grid_ratio": -0.50852,
                  "entry_trailing_retracement_pct": 0.011867,
                  "entry_trailing_threshold_pct": -0.069228,
                  "filter_noisiness_rolling_window": 110.59,
                  "filter_volume_drop_pct": 0.4995,
                  "filter_volume_rolling_window": 42.364,
                  "n_positions": 1,
                  "total_wallet_exposure_limit": 2.823,
                  "unstuck_close_pct": 0.0080077,
                  "unstuck_ema_dist": -0.0060875,
                  "unstuck_loss_allowance_pct": 0.041373,
                  "unstuck_threshold": 0.50661},
         "short": {"close_grid_markup_end": 0.028165,
                   "close_grid_markup_start": 0.010057,
                   "close_grid_qty_pct": 0.070973,
                   "close_trailing_grid_ratio": 0.10034,
                   "close_trailing_qty_pct": 0.08085,
                   "close_trailing_retracement_pct": 0.064313,
                   "close_trailing_threshold_pct": -0.014374,
                   "ema_span_0": 610.22,
                   "ema_span_1": 699.3,
                   "enforce_exposure_limit": true,
                   "entry_grid_double_down_factor": 0.2048,
                   "entry_grid_spacing_pct": 0.018736,
                   "entry_grid_spacing_weight": 0.82314,
                   "entry_initial_ema_dist": -0.073938,
                   "entry_initial_qty_pct": 0.037833,
                   "entry_trailing_double_down_factor": 0.94776,
                   "entry_trailing_grid_ratio": -0.0077976,
                   "entry_trailing_retracement_pct": 0.00056097,
                   "entry_trailing_threshold_pct": -0.00025407,
                   "filter_noisiness_rolling_window": 225.3,
                   "filter_volume_drop_pct": 0.99374,
                   "filter_volume_rolling_window": 40.386,
                   "n_positions": 1,
                   "total_wallet_exposure_limit": 0,
                   "unstuck_close_pct": 0.0080539,
                   "unstuck_ema_dist": -0.014399,
                   "unstuck_loss_allowance_pct": 0.026852,
                   "unstuck_threshold": 0.41574}},
 "coin_overrides": {},
 "disable_plotting": false,
 "live": {"approved_coins": {"long": ["ENAUSDT"], "short": ["ENAUSDT"]},
          "auto_gs": true,
          "empty_means_all_approved": false,
          "execution_delay_seconds": 2,
          "filter_by_min_effective_cost": true,
          "forced_mode_long": "",
          "forced_mode_short": "",
          "ignored_coins": {"long": [], "short": []},
          "leverage": 10,
          "market_orders_allowed": true,
          "max_n_cancellations_per_batch": 5,
          "max_n_creations_per_batch": 3,
          "max_n_restarts_per_day": 10,
          "mimic_backtest_1m_delay": false,
          "minimum_coin_age_days": 7,
          "ohlcvs_1m_rolling_window_days": 7,
          "ohlcvs_1m_update_after_minutes": 10,
          "pnls_max_lookback_days": 30,
          "price_distance_threshold": 0.002,
          "time_in_force": "good_till_cancelled",
          "user": "bybit_01"},
 "optimize": {"bounds": {"long_close_grid_markup_end": [0.001, 0.03],
                         "long_close_grid_markup_start": [0.001, 0.03],
                         "long_close_grid_qty_pct": [0.05, 1],
                         "long_close_trailing_grid_ratio": [-1, 1],
                         "long_close_trailing_qty_pct": [0.05, 1],
                         "long_close_trailing_retracement_pct": [0, 0.1],
                         "long_close_trailing_threshold_pct": [-0.1, 0.1],
                         "long_ema_span_0": [200, 1440],
                         "long_ema_span_1": [200, 1440],
                         "long_entry_grid_double_down_factor": [0.1, 3],