{
    "adg": 0.013326879082491416,
    "adg_per_exposure_long": 0.0014807643424990464,
    "adg_per_exposure_short": 0.0,
    "adg_w": 0.0058821156252634845,
    "adg_w_per_exposure_long": 0.0006535684028070539,
    "adg_w_per_exposure_short": 0.0,
    "calmar_ratio": 0.03208231967917506,
    "calmar_ratio_w": 0.02537828844682748,
    "drawdown_worst": 0.41539636833498733,
    "drawdown_worst_mean_1pct": 0.29506001342696253,
    "equity_balance_diff_neg_max": 0.41756869979462485,
    "equity_balance_diff_neg_mean": 0.014120052583190141,
    "equity_balance_diff_pos_max": 0.7459832633398598,
    "equity_balance_diff_pos_mean": 0.012913608882044273,
    "equity_choppiness": 1.815962001918869,
    "equity_choppiness_w": 2.571980179594149,
    "equity_jerkiness": 0.027161558942630552,
    "equity_jerkiness_w": 0.01827141299642444,
    "expected_shortfall_1pct": 0.27045512096014274,
    "exponential_fit_error": 0.4495898926669323,
    "exponential_fit_error_w": 0.06814741440897877,
    "gain": 29336.630512875327,
    "gain_per_exposure_long": 3259.625612541703,
    "gain_per_exposure_short": 0.0,
    "loss_profit_ratio": 0.023750725500953213,
    "loss_profit_ratio_long": 0.023750725500953213,
    "loss_profit_ratio_short": 1.0,
    "loss_profit_ratio_w": 0.029625158895222575,
    "mdg": 0.0016252347780087825,
    "mdg_per_exposure_long": 0.00018058164200097584,
    "mdg_per_exposure_short": 0.0,
    "mdg_w": 0.0009364701776250291,
    "mdg_w_per_exposure_long": 0.00010405224195833656,
    "mdg_w_per_exposure_short": 0.0,
    "omega_ratio": 10.330971931811916,
    "omega_ratio_w": 3.888900523730341,
    "pnl_ratio_long_short": 1.0,
    "position_held_hours_max": 142.85,
    "position_held_hours_mean": 2.385191740412979,
    "position_held_hours_median": 0.25,
    "position_unchanged_hours_max": 142.85,
    "positions_held_per_day": 2.9086229086229087,
    "sharpe_ratio": 0.09091457879687825,
    "sharpe_ratio_w": 0.07858665531597901,
    "sortino_ratio": 0.25230812105692835,
    "sortino_ratio_w": 0.14574435691368143,
    "sterling_ratio": 0.045166672798889015,
    "sterling_ratio_w": 0.027292228363440994,
    "volume_pct_per_day_avg": 2.4438077336945683,
    "volume_pct_per_day_avg_w": 1.6877503620162078
}