{
    "adg": 0.0588794473246399,
    "adg_per_exposure_long": 0.006558995569143011,
    "adg_per_exposure_short": 0.0,
    "adg_w": 0.007147977354495416,
    "adg_w_per_exposure_long": 0.0007962634489072414,
    "adg_w_per_exposure_short": 0.0,
    "calmar_ratio": 0.07600104577142193,
    "calmar_ratio_w": 0.009220220357649411,
    "drawdown_worst": 0.774718909812421,
    "drawdown_worst_mean_1pct": 0.7564542331987993,
    "equity_balance_diff_neg_max": 0.6922501663521854,
    "equity_balance_diff_neg_mean": 0.03455663003553984,
    "equity_balance_diff_pos_max": 0.6198148610515795,
    "equity_balance_diff_pos_mean": 0.019202545489495695,
    "equity_choppiness": 6.248401216824029,
    "equity_choppiness_w": 15.143533521413858,
    "equity_jerkiness": 0.14205504381679224,
    "equity_jerkiness_w": 0.10636470310115989,
    "expected_shortfall_1pct": 0.6539928515970462,
    "exponential_fit_error": 1.4644166080492693,
    "exponential_fit_error_w": 0.24752863514783185,
    "gain": 6426080.355285451,
    "gain_per_exposure_long": 715846.2671173179,
    "gain_per_exposure_short": 0.0,
    "loss_profit_ratio": 0.7074396167911833,
    "loss_profit_ratio_long": 0.7074396167911833,
    "loss_profit_ratio_short": 1.0,
    "loss_profit_ratio_w": 0.9856057620399848,
    "mdg": 0.04850931309542985,
    "mdg_per_exposure_long": 0.005403793413698476,
    "mdg_per_exposure_short": 0.0,
    "mdg_w": 0.02352442605850909,
    "mdg_w_per_exposure_long": 0.0026205511990229466,
    "mdg_w_per_exposure_short": 0.0,
    "omega_ratio": 4.287404564781116,
    "omega_ratio_w": 1.6977618569317205,
    "pnl_ratio_long_short": 1.0,
    "position_held_hours_max": 131.35,
    "position_held_hours_mean": 11.096965579710146,
    "position_held_hours_median": 5.391666666666667,
    "position_unchanged_hours_max": 60.483333333333334,
    "positions_held_per_day": 1.3430656934306568,
    "sharpe_ratio": 0.16337117536789664,
    "sharpe_ratio_w": 0.027707102336750323,
    "sortino_ratio": 0.283288977025686,
    "sortino_ratio_w": 0.03948086134823195,
    "sterling_ratio": 0.07783609997878899,
    "sterling_ratio_w": 0.009403725778386116,
    "volume_pct_per_day_avg": 12.083544699779607,
    "volume_pct_per_day_avg_w": 8.13792842023874
}