{"analysis": {"adg": 0.0588794473246399,
              "adg_per_exposure_long": 0.006558995569143011,
              "adg_per_exposure_short": 0.0,
              "adg_w": 0.007147977354495416,
              "adg_w_per_exposure_long": 0.0007962634489072414,
              "adg_w_per_exposure_short": 0.0,
              "calmar_ratio": 0.07600104577142193,
              "calmar_ratio_w": 0.009220220357649411,
              "drawdown_worst": 0.774718909812421,
              "drawdown_worst_mean_1pct": 0.7564542331987993,
              "equity_balance_diff_neg_max": 0.6922501663521854,
              "equity_balance_diff_neg_mean": 0.03455663003553984,
              "equity_balance_diff_pos_max": 0.6198148610515795,
              "equity_balance_diff_pos_mean": 0.019202545489495695,
              "equity_choppiness": 6.248401216824029,
              "equity_choppiness_w": 15.143533521413858,
              "equity_jerkiness": 0.14205504381679224,
              "equity_jerkiness_w": 0.10636470310115989,
              "expected_shortfall_1pct": 0.6539928515970462,
              "exponential_fit_error": 1.4644166080492693,
              "exponential_fit_error_w": 0.24752863514783185,
              "gain": 6426080.355285451,
              "gain_per_exposure_long": 715846.2671173179,
              "gain_per_exposure_short": 0.0,
              "loss_profit_ratio": 0.7074396167911833,
              "loss_profit_ratio_long": 0.7074396167911833,
              "loss_profit_ratio_short": 1.0,
              "loss_profit_ratio_w": 0.9856057620399848,
              "mdg": 0.04850931309542985,
              "mdg_per_exposure_long": 0.005403793413698476,
              "mdg_per_exposure_short": 0.0,
              "mdg_w": 0.02352442605850909,
              "mdg_w_per_exposure_long": 0.0026205511990229466,
              "mdg_w_per_exposure_short": 0.0,
              "omega_ratio": 4.287404564781116,
              "omega_ratio_w": 1.6977618569317205,
              "pnl_ratio_long_short": 1.0,
              "position_held_hours_max": 131.35,
              "position_held_hours_mean": 11.096965579710146,
              "position_held_hours_median": 5.391666666666667,
              "position_unchanged_hours_max": 60.483333333333334,
              "positions_held_per_day": 1.3430656934306568,
              "sharpe_ratio": 0.16337117536789664,
              "sharpe_ratio_w": 0.027707102336750323,
              "sortino_ratio": 0.283288977025686,
              "sortino_ratio_w": 0.03948086134823195,
              "sterling_ratio": 0.07783609997878899,
              "sterling_ratio_w": 0.009403725778386116,
              "volume_pct_per_day_avg": 12.083544699779607,
              "volume_pct_per_day_avg_w": 8.13792842023874},
 "backtest": {"base_dir": "backtests/pbgui/HYPE_bybit",
              "cache_dir": {"combined": "caches/hlcvs_data/f5f4d539cffd2b13"},
              "coins": {"combined": ["HYPE"]},
              "combine_ohlcvs": true,
              "compress_cache": true,
              "end_date": "2025-10-05",
              "exchanges": ["bybit"],
              "gap_tolerance_ohlcvs_minutes": 120,
              "start_date": "2020-01-01",
              "starting_balance": 200,
              "use_btc_collateral": false},
 "bot": {"long": {"close_grid_markup_end": 0.020449,
                  "close_grid_markup_start": 0.029998,
                  "close_grid_qty_pct": 0.21594,
                  "close_trailing_grid_ratio": -0.36975,
                  "close_trailing_qty_pct": 0.24129,
                  "close_trailing_retracement_pct": 0.0086382,
                  "close_trailing_threshold_pct": 0.0019641,
                  "ema_span_0": 254.68,
                  "ema_span_1": 589.12,
                  "enforce_exposure_limit": true,
                  "entry_grid_double_down_factor": 1.1117,
                  "entry_grid_spacing_pct": 0.025824,
                  "entry_grid_spacing_weight": 0.67152,
                  "entry_initial_ema_dist": 0.0099963,
                  "entry_initial_qty_pct": 0.09266,
                  "entry_trailing_double_down_factor": 2.1929,
                  "entry_trailing_grid_ratio": 0.10484,
                  "entry_trailing_retracement_pct": 0.018123,
                  "entry_trailing_threshold_pct": -0.01542,
                  "filter_noisiness_rolling_window": 60,
                  "filter_volume_drop_pct": 0,
                  "filter_volume_rolling_window": 60,
                  "n_positions": 1,
                  "total_wallet_exposure_limit": 8.9769,
                  "unstuck_close_pct": 0.032556,
                  "unstuck_ema_dist": -0.054613,
                  "unstuck_loss_allowance_pct": 0.20225,
                  "unstuck_threshold": 0.629},
         "short": {"close_grid_markup_end": 0.001,
                   "close_grid_markup_start": 0.001,
                   "close_grid_qty_pct": 0.05,
                   "close_trailing_grid_ratio": -1,
                   "close_trailing_qty_pct": 0.05,
                   "close_trailing_retracement_pct": 0,
                   "close_trailing_threshold_pct": -0.1,
                   "ema_span_0": 200,
                   "ema_span_1": 200,
                   "enforce_exposure_limit": true,
                   "entry_grid_double_down_factor": 0.1,
                   "entry_grid_spacing_pct": 0.01,
                   "entry_grid_spacing_weight": 0.2,
                   "entry_initial_ema_dist": -0.1,
                   "entry_initial_qty_pct": 0.025,
                   "entry_trailing_double_down_factor": 0.1,
                   "entry_trailing_grid_ratio": -1,
                   "entry_trailing_retracement_pct": 0,
                   "entry_trailing_threshold_pct": -0.1,
                   "filter_noisiness_rolling_window": 10,
                   "filter_volume_drop_pct": 0,
                   "filter_volume_rolling_window": 10,
                   "n_positions": 0,
                   "total_wallet_exposure_limit": 0,
                   "unstuck_close_pct": 0.005,
                   "unstuck_ema_dist": -0.1,
                   "unstuck_loss_allowance_pct": 0.01,
                   "unstuck_threshold": 0.7}},
 "coin_overrides": {},
 "disable_plotting": false,
 "live": {"approved_coins": {"long": ["HYPE"], "short": []},
          "auto_gs": true,
          "base_config_path": "/app/pbgui/data/bt_v7/HYPE_bybit/backtest.json",
          "empty_means_all_approved": false,
          "execution_delay_seconds": 2,
          "filter_by_min_effective_cost": true,
          "forced_mode_long": "",
          "forced_mode_short": "",
          "ignored_coins": {"long": [], "short": []},
          "leverage": 10,
          "market_orders_allowed": true,
          "max_n_cancellations_per_batch": 5,
          "max_n_creations_per_batch": 3,
          "max_n_restarts_per_day": 10,
          "mimic_backtest_1m_delay": false,
          "minimum_coin_age_days": 30,
          "ohlcvs_1m_rolling_window_days": 4,
          "ohlcvs_1m_update_after_minutes": 10,
          "pnls_max_lookback_days": 30,
          "price_distance_threshold": 0.002,
          "time_in_force": "good_till_cancelled",
          "user": "bybit_01"},
 "optimize": {"bounds": {"long_close_grid_markup_end": [0.001, 0.03],
                         "long_close_grid_markup_start": [0.001, 0.03],
                         "long_close_grid_qty_pct": [0.05, 0.4],
                         "long_close_trailing_grid_ratio": [-1, 1],
                         "long_close_trailing_qty_pct": [0.05, 0.25],
                         "long_close_trailing_retracement_pct": [0.003, 0.01],
                         "long_close_trailing_threshold_pct": [0.001, 0.005],
                         "long_ema_span_0": [50, 800],
                         "long_ema_span_1": [50, 800],
                         "long_entry_grid_double_down_factor": [0, 10],
                         "long_entry_grid_spacing_pct": [0.01, 0.12],