{
    "adg": 0.058843381930180794,
    "adg_per_exposure_long": 0.006554977991308892,
    "adg_per_exposure_short": 0.0,
    "adg_w": 0.0459465120180617,
    "adg_w_per_exposure_long": 0.005118304984801178,
    "adg_w_per_exposure_short": 0.0,
    "calmar_ratio": 0.18092571946905034,
    "calmar_ratio_w": 0.45025484280456957,
    "drawdown_worst": 0.32523503072346055,
    "drawdown_worst_mean_1pct": 0.32523503072346055,
    "equity_balance_diff_neg_max": 0.3902847227859431,
    "equity_balance_diff_neg_mean": 0.02548459230328067,
    "equity_balance_diff_pos_max": 0.1330071456139611,
    "equity_balance_diff_pos_mean": 0.019216525081626062,
    "equity_choppiness": 1.0014560320658423,
    "equity_choppiness_w": 1.106820247376897,
    "equity_jerkiness": 0.053145404813418125,
    "equity_jerkiness_w": 0.07656769230491653,
    "expected_shortfall_1pct": 0.3252350307234606,
    "exponential_fit_error": 0.030776569387452293,
    "exponential_fit_error_w": 0.004723193072928836,
    "gain": 23.21373152289664,
    "gain_per_exposure_long": 2.5859407504702783,
    "gain_per_exposure_short": 0.0,
    "loss_profit_ratio": 0.12428858248435108,
    "loss_profit_ratio_long": 0.12428858248435108,
    "loss_profit_ratio_short": 1.0,
    "loss_profit_ratio_w": 0.0590592195660737,
    "mdg": 0.04938810582036079,
    "mdg_per_exposure_long": 0.005501688313377757,
    "mdg_per_exposure_short": 0.0,
    "mdg_w": 0.04534553761001921,
    "mdg_w_per_exposure_long": 0.00505135822054598,
    "mdg_w_per_exposure_short": 0.0,
    "omega_ratio": 382.5840080864045,
    "omega_ratio_w": null,
    "pnl_ratio_long_short": 1.0,
    "position_held_hours_max": 86.28333333333333,
    "position_held_hours_mean": 13.115846994535518,
    "position_held_hours_median": 7.733333333333333,
    "position_unchanged_hours_max": 37.6,
    "positions_held_per_day": 1.1179839633447881,
    "sharpe_ratio": 0.3443994504972092,
    "sharpe_ratio_w": 0.3517004106702129,
    "sortino_ratio": 0.5063373400451349,
    "sortino_ratio_w": 0.6470453071581301,
    "sterling_ratio": 0.18092571946905034,
    "sterling_ratio_w": 0.45025484280456957,
    "volume_pct_per_day_avg": 8.125536263173343,
    "volume_pct_per_day_avg_w": 5.702138486740095
}