{"analysis": {"adg": 0.058843381930180794,
              "adg_per_exposure_long": 0.006554977991308892,
              "adg_per_exposure_short": 0.0,
              "adg_w": 0.0459465120180617,
              "adg_w_per_exposure_long": 0.005118304984801178,
              "adg_w_per_exposure_short": 0.0,
              "calmar_ratio": 0.18092571946905034,
              "calmar_ratio_w": 0.45025484280456957,
              "drawdown_worst": 0.32523503072346055,
              "drawdown_worst_mean_1pct": 0.32523503072346055,
              "equity_balance_diff_neg_max": 0.3902847227859431,
              "equity_balance_diff_neg_mean": 0.02548459230328067,
              "equity_balance_diff_pos_max": 0.1330071456139611,
              "equity_balance_diff_pos_mean": 0.019216525081626062,
              "equity_choppiness": 1.0014560320658423,
              "equity_choppiness_w": 1.106820247376897,
              "equity_jerkiness": 0.053145404813418125,
              "equity_jerkiness_w": 0.07656769230491653,
              "expected_shortfall_1pct": 0.3252350307234606,
              "exponential_fit_error": 0.030776569387452293,
              "exponential_fit_error_w": 0.004723193072928836,
              "gain": 23.21373152289664,
              "gain_per_exposure_long": 2.5859407504702783,
              "gain_per_exposure_short": 0.0,
              "loss_profit_ratio": 0.12428858248435108,
              "loss_profit_ratio_long": 0.12428858248435108,
              "loss_profit_ratio_short": 1.0,
              "loss_profit_ratio_w": 0.0590592195660737,
              "mdg": 0.04938810582036079,
              "mdg_per_exposure_long": 0.005501688313377757,
              "mdg_per_exposure_short": 0.0,
              "mdg_w": 0.04534553761001921,
              "mdg_w_per_exposure_long": 0.00505135822054598,
              "mdg_w_per_exposure_short": 0.0,
              "omega_ratio": 382.5840080864045,
              "omega_ratio_w": null,
              "pnl_ratio_long_short": 1.0,
              "position_held_hours_max": 86.28333333333333,
              "position_held_hours_mean": 13.115846994535518,
              "position_held_hours_median": 7.733333333333333,
              "position_unchanged_hours_max": 37.6,
              "positions_held_per_day": 1.1179839633447881,
              "sharpe_ratio": 0.3443994504972092,
              "sharpe_ratio_w": 0.3517004106702129,
              "sortino_ratio": 0.5063373400451349,
              "sortino_ratio_w": 0.6470453071581301,
              "sterling_ratio": 0.18092571946905034,
              "sterling_ratio_w": 0.45025484280456957,
              "volume_pct_per_day_avg": 8.125536263173343,
              "volume_pct_per_day_avg_w": 5.702138486740095},
 "backtest": {"base_dir": "backtests/pbgui/HYPE_only_binance",
              "cache_dir": {"combined": "caches/hlcvs_data/283dcf8faec80287"},
              "coins": {"combined": ["HYPE"]},
              "combine_ohlcvs": true,
              "compress_cache": true,
              "end_date": "2025-07-24",
              "exchanges": ["binance"],
              "gap_tolerance_ohlcvs_minutes": 60,
              "start_date": "2020-01-01",
              "starting_balance": 200,
              "use_btc_collateral": false},
 "bot": {"long": {"close_grid_markup_end": 0.020449,
                  "close_grid_markup_start": 0.029998,
                  "close_grid_qty_pct": 0.21594,
                  "close_trailing_grid_ratio": -0.36975,
                  "close_trailing_qty_pct": 0.24129,
                  "close_trailing_retracement_pct": 0.0086382,
                  "close_trailing_threshold_pct": 0.0019641,
                  "ema_span_0": 254.68,
                  "ema_span_1": 589.12,
                  "enforce_exposure_limit": true,
                  "entry_grid_double_down_factor": 1.1117,
                  "entry_grid_spacing_pct": 0.025824,
                  "entry_grid_spacing_weight": 0.67152,
                  "entry_initial_ema_dist": 0.0099963,
                  "entry_initial_qty_pct": 0.09266,
                  "entry_trailing_double_down_factor": 2.1929,
                  "entry_trailing_grid_ratio": 0.10484,
                  "entry_trailing_retracement_pct": 0.018123,
                  "entry_trailing_threshold_pct": -0.01542,
                  "filter_noisiness_rolling_window": 60,
                  "filter_volume_drop_pct": 0,
                  "filter_volume_rolling_window": 60,
                  "n_positions": 1,
                  "total_wallet_exposure_limit": 8.9769,
                  "unstuck_close_pct": 0.032556,
                  "unstuck_ema_dist": -0.054613,
                  "unstuck_loss_allowance_pct": 0.20225,
                  "unstuck_threshold": 0.629},
         "short": {"close_grid_markup_end": 0.001,
                   "close_grid_markup_start": 0.001,
                   "close_grid_qty_pct": 0.05,
                   "close_trailing_grid_ratio": -1,
                   "close_trailing_qty_pct": 0.05,
                   "close_trailing_retracement_pct": 0,
                   "close_trailing_threshold_pct": -0.1,
                   "ema_span_0": 200,
                   "ema_span_1": 200,
                   "enforce_exposure_limit": true,
                   "entry_grid_double_down_factor": 0.1,
                   "entry_grid_spacing_pct": 0.01,
                   "entry_grid_spacing_weight": 0.2,
                   "entry_initial_ema_dist": -0.1,
                   "entry_initial_qty_pct": 0.025,
                   "entry_trailing_double_down_factor": 0.1,
                   "entry_trailing_grid_ratio": -1,
                   "entry_trailing_retracement_pct": 0,
                   "entry_trailing_threshold_pct": -0.1,
                   "filter_noisiness_rolling_window": 10,
                   "filter_volume_drop_pct": 0,
                   "filter_volume_rolling_window": 10,
                   "n_positions": 0,
                   "total_wallet_exposure_limit": 0,
                   "unstuck_close_pct": 0.005,
                   "unstuck_ema_dist": -0.1,
                   "unstuck_loss_allowance_pct": 0.01,
                   "unstuck_threshold": 0.7}},
 "coin_overrides": {},
 "disable_plotting": false,
 "live": {"approved_coins": {"long": ["HYPEUSDT"], "short": []},
          "auto_gs": true,
          "empty_means_all_approved": false,
          "execution_delay_seconds": 2,
          "filter_by_min_effective_cost": true,
          "forced_mode_long": "",
          "forced_mode_short": "",
          "ignored_coins": {"long": [], "short": []},
          "leverage": 10,
          "market_orders_allowed": true,
          "max_n_cancellations_per_batch": 5,
          "max_n_creations_per_batch": 3,
          "max_n_restarts_per_day": 10,
          "mimic_backtest_1m_delay": false,
          "minimum_coin_age_days": 30,
          "ohlcvs_1m_rolling_window_days": 4,
          "ohlcvs_1m_update_after_minutes": 10,
          "pnls_max_lookback_days": 30,
          "price_distance_threshold": 0.002,
          "time_in_force": "good_till_cancelled",
          "user": "bybit_01"},
 "optimize": {"bounds": {"long_close_grid_markup_end": [0.001, 0.03],
                         "long_close_grid_markup_start": [0.001, 0.03],
                         "long_close_grid_qty_pct": [0.05, 0.4],
                         "long_close_trailing_grid_ratio": [-1, 1],
                         "long_close_trailing_qty_pct": [0.05, 0.25],
                         "long_close_trailing_retracement_pct": [0.003, 0.01],
                         "long_close_trailing_threshold_pct": [0.001, 0.005],
                         "long_ema_span_0": [50, 800],
                         "long_ema_span_1": [50, 800],
                         "long_entry_grid_double_down_factor": [0, 10],
                         "long_entry_grid_spacing_pct": [0.01, 0.12],
                         "long_entry_grid_spacing_weight": [0.2, 2],
                         "long_entry_initial_ema_dist": [-0.001, 0.0175],