{
    "adg": 0.027279669822434016,
    "adg_per_exposure_long": 0.0027644017979402543,
    "adg_per_exposure_short": 0.0,
    "adg_w": 0.022715584269130628,
    "adg_w_per_exposure_long": 0.0023018974351077834,
    "adg_w_per_exposure_short": 0.0,
    "calmar_ratio": 0.09272552083411262,
    "calmar_ratio_w": 0.1004341667671084,
    "drawdown_worst": 0.2941980759670012,
    "drawdown_worst_mean_1pct": 0.27699419815341564,
    "equity_balance_diff_neg_max": 0.30150131723811235,
    "equity_balance_diff_neg_mean": 0.007571416659301838,
    "equity_balance_diff_pos_max": 0.7778912059090153,
    "equity_balance_diff_pos_mean": 0.022438732987515343,
    "equity_choppiness": 1.0873607711854816,
    "equity_choppiness_w": 1.1363343585534813,
    "equity_jerkiness": 0.05385280523476127,
    "equity_jerkiness_w": 0.050114159759592006,
    "expected_shortfall_1pct": 0.25880054408024644,
    "exponential_fit_error": 0.3195022826561227,
    "exponential_fit_error_w": 0.049334865150105545,
    "gain": 2659.421405737125,
    "gain_per_exposure_long": 269.49407244858486,
    "gain_per_exposure_short": 0.0,
    "loss_profit_ratio": 0.02578123423284177,
    "loss_profit_ratio_long": 0.02578123423284177,
    "loss_profit_ratio_short": 1.0,
    "loss_profit_ratio_w": 0.02049900664639591,
    "mdg": 0.001156207203079994,
    "mdg_per_exposure_long": 0.00011716495440708478,
    "mdg_per_exposure_short": 0.0,
    "mdg_w": 0.001076183311168714,
    "mdg_w_per_exposure_long": 0.00010905568504577471,
    "mdg_w_per_exposure_short": 0.0,
    "omega_ratio": 25.665039121058452,
    "omega_ratio_w": 21.31636725725803,
    "pnl_ratio_long_short": 1.0,
    "position_held_hours_max": 93.85,
    "position_held_hours_mean": 1.6867909496494582,
    "position_held_hours_median": 0.4166666666666667,
    "position_unchanged_hours_max": 34.13333333333333,
    "positions_held_per_day": 3.5765778600940306,
    "sharpe_ratio": 0.10246640801800966,
    "sharpe_ratio_w": 0.15063081458751043,
    "sortino_ratio": 0.4078559550502208,
    "sortino_ratio_w": 0.4331490929611606,
    "sterling_ratio": 0.09848462532534683,
    "sterling_ratio_w": 0.10101007721623183,
    "volume_pct_per_day_avg": 3.2510822244030346,
    "volume_pct_per_day_avg_w": 2.699577462262165
}