{"analysis": {"adg": 0.027279669822434016,
              "adg_per_exposure_long": 0.0027644017979402543,
              "adg_per_exposure_short": 0.0,
              "adg_w": 0.022715584269130628,
              "adg_w_per_exposure_long": 0.0023018974351077834,
              "adg_w_per_exposure_short": 0.0,
              "calmar_ratio": 0.09272552083411262,
              "calmar_ratio_w": 0.1004341667671084,
              "drawdown_worst": 0.2941980759670012,
              "drawdown_worst_mean_1pct": 0.27699419815341564,
              "equity_balance_diff_neg_max": 0.30150131723811235,
              "equity_balance_diff_neg_mean": 0.007571416659301838,
              "equity_balance_diff_pos_max": 0.7778912059090153,
              "equity_balance_diff_pos_mean": 0.022438732987515343,
              "equity_choppiness": 1.0873607711854816,
              "equity_choppiness_w": 1.1363343585534813,
              "equity_jerkiness": 0.05385280523476127,
              "equity_jerkiness_w": 0.050114159759592006,
              "expected_shortfall_1pct": 0.25880054408024644,
              "exponential_fit_error": 0.3195022826561227,
              "exponential_fit_error_w": 0.049334865150105545,
              "gain": 2659.421405737125,
              "gain_per_exposure_long": 269.49407244858486,
              "gain_per_exposure_short": 0.0,
              "loss_profit_ratio": 0.02578123423284177,
              "loss_profit_ratio_long": 0.02578123423284177,
              "loss_profit_ratio_short": 1.0,
              "loss_profit_ratio_w": 0.02049900664639591,
              "mdg": 0.001156207203079994,
              "mdg_per_exposure_long": 0.00011716495440708478,
              "mdg_per_exposure_short": 0.0,
              "mdg_w": 0.001076183311168714,
              "mdg_w_per_exposure_long": 0.00010905568504577471,
              "mdg_w_per_exposure_short": 0.0,
              "omega_ratio": 25.665039121058452,
              "omega_ratio_w": 21.31636725725803,
              "pnl_ratio_long_short": 1.0,
              "position_held_hours_max": 93.85,
              "position_held_hours_mean": 1.6867909496494582,
              "position_held_hours_median": 0.4166666666666667,
              "position_unchanged_hours_max": 34.13333333333333,
              "positions_held_per_day": 3.5765778600940306,
              "sharpe_ratio": 0.10246640801800966,
              "sharpe_ratio_w": 0.15063081458751043,
              "sortino_ratio": 0.4078559550502208,
              "sortino_ratio_w": 0.4331490929611606,
              "sterling_ratio": 0.09848462532534683,
              "sterling_ratio_w": 0.10101007721623183,
              "volume_pct_per_day_avg": 3.2510822244030346,
              "volume_pct_per_day_avg_w": 2.699577462262165},
 "backtest": {"base_dir": "backtests/pbgui/POPCAT_binance_optimize",
              "cache_dir": {"combined": "caches/hlcvs_data/6d3fb1cbef0417b8"},
              "coins": {"combined": ["POPCAT"]},
              "combine_ohlcvs": true,
              "compress_cache": true,
              "end_date": "2025-06-11",
              "exchanges": ["binance"],
              "gap_tolerance_ohlcvs_minutes": 120,
              "start_date": "2020-01-01",
              "starting_balance": 200,
              "use_btc_collateral": false},
 "bot": {"long": {"close_grid_markup_end": 0.025414,
                  "close_grid_markup_start": 0.0011713,
                  "close_grid_qty_pct": 0.39637,
                  "close_trailing_grid_ratio": -0.9988,
                  "close_trailing_qty_pct": 0.081296,
                  "close_trailing_retracement_pct": 0.0088936,
                  "close_trailing_threshold_pct": 0.0040081,
                  "ema_span_0": 685.34,
                  "ema_span_1": 100.92,
                  "enforce_exposure_limit": true,
                  "entry_grid_double_down_factor": 4.3498,
                  "entry_grid_spacing_pct": 0.08394,
                  "entry_grid_spacing_weight": 0.29619,
                  "entry_initial_ema_dist": 0.018747,
                  "entry_initial_qty_pct": 0.01099,
                  "entry_trailing_double_down_factor": 9.4028,
                  "entry_trailing_grid_ratio": -0.90401,
                  "entry_trailing_retracement_pct": 0.050095,
                  "entry_trailing_threshold_pct": -0.0062953,
                  "filter_noisiness_rolling_window": 60,
                  "filter_volume_drop_pct": 0,
                  "filter_volume_rolling_window": 60,
                  "n_positions": 1,
                  "total_wallet_exposure_limit": 9.8682,
                  "unstuck_close_pct": 0.03244,
                  "unstuck_ema_dist": 0.0016223,
                  "unstuck_loss_allowance_pct": 0.24625,
                  "unstuck_threshold": 0.909},
         "short": {"close_grid_markup_end": 0.001,
                   "close_grid_markup_start": 0.001,
                   "close_grid_qty_pct": 0.05,
                   "close_trailing_grid_ratio": -1,
                   "close_trailing_qty_pct": 0.05,
                   "close_trailing_retracement_pct": 0,
                   "close_trailing_threshold_pct": -0.1,
                   "ema_span_0": 200,
                   "ema_span_1": 200,
                   "enforce_exposure_limit": true,
                   "entry_grid_double_down_factor": 0.1,
                   "entry_grid_spacing_pct": 0.01,
                   "entry_grid_spacing_weight": 0.2,
                   "entry_initial_ema_dist": -0.1,
                   "entry_initial_qty_pct": 0.025,
                   "entry_trailing_double_down_factor": 0.1,
                   "entry_trailing_grid_ratio": -1,
                   "entry_trailing_retracement_pct": 0,
                   "entry_trailing_threshold_pct": -0.1,
                   "filter_noisiness_rolling_window": 10,
                   "filter_volume_drop_pct": 0,
                   "filter_volume_rolling_window": 10,
                   "n_positions": 0,
                   "total_wallet_exposure_limit": 0,
                   "unstuck_close_pct": 0.005,
                   "unstuck_ema_dist": -0.1,
                   "unstuck_loss_allowance_pct": 0.01,
                   "unstuck_threshold": 0.7}},
 "coin_overrides": {},
 "disable_plotting": false,
 "live": {"approved_coins": {"long": ["POPCATUSDT"], "short": []},
          "auto_gs": true,
          "base_config_path": "",
          "empty_means_all_approved": false,
          "execution_delay_seconds": 2,
          "filter_by_min_effective_cost": true,
          "forced_mode_long": "",
          "forced_mode_short": "",
          "ignored_coins": {"long": [], "short": []},
          "leverage": 10,
          "market_orders_allowed": true,
          "max_n_cancellations_per_batch": 5,
          "max_n_creations_per_batch": 3,
          "max_n_restarts_per_day": 10,
          "mimic_backtest_1m_delay": false,
          "minimum_coin_age_days": 30,
          "ohlcvs_1m_rolling_window_days": 4,
          "ohlcvs_1m_update_after_minutes": 10,
          "pnls_max_lookback_days": 30,
          "price_distance_threshold": 0.002,
          "time_in_force": "good_till_cancelled",
          "user": "bybit_01"},
 "optimize": {"bounds": {"long_close_grid_markup_end": [0.001, 0.03],
                         "long_close_grid_markup_start": [0.001, 0.03],
                         "long_close_grid_qty_pct": [0.05, 0.4],
                         "long_close_trailing_grid_ratio": [-1, 1],
                         "long_close_trailing_qty_pct": [0.05, 0.25],
                         "long_close_trailing_retracement_pct": [0.003, 0.01],
                         "long_close_trailing_threshold_pct": [0.001, 0.005],
                         "long_ema_span_0": [100, 800],
                         "long_ema_span_1": [100, 800],
                         "long_entry_grid_double_down_factor": [0.4, 10],
                         "long_entry_grid_spacing_pct": [0.01, 0.12],