{
    "adg": 0.0033104395176877244,
    "adg_per_exposure_long": 0.0008526566690760398,
    "adg_per_exposure_short": 0.0,
    "adg_w": 0.0011216939075355814,
    "adg_w_per_exposure_long": 0.00028891021443286065,
    "adg_w_per_exposure_short": 0.0,
    "calmar_ratio": 0.013299469086012365,
    "calmar_ratio_w": 0.008838989225827137,
    "drawdown_worst": 0.24891516317515702,
    "drawdown_worst_mean_1pct": 0.148051488774115,
    "equity_balance_diff_neg_max": 0.39354631969759285,
    "equity_balance_diff_neg_mean": 0.007913280475913291,
    "equity_balance_diff_pos_max": 0.5226071838295534,
    "equity_balance_diff_pos_mean": 0.003189268095876792,
    "equity_choppiness": 1.4073882343720776,
    "equity_choppiness_w": 1.74660190457701,
    "equity_jerkiness": 0.00690515609472126,
    "equity_jerkiness_w": 0.002873079648403625,
    "expected_shortfall_1pct": 0.13133444647108072,
    "exponential_fit_error": 0.18782309108477369,
    "exponential_fit_error_w": 0.022649126401412287,
    "gain": 223.68510649006947,
    "gain_per_exposure_long": 57.61367842628963,
    "gain_per_exposure_short": 0.0,
    "loss_profit_ratio": 0.16873022691040182,
    "loss_profit_ratio_long": 0.16873022691040182,
    "loss_profit_ratio_short": 1.0,
    "loss_profit_ratio_w": 0.2301842876577843,
    "mdg": 0.0,
    "mdg_per_exposure_long": 0.0,
    "mdg_per_exposure_short": 0.0,
    "mdg_w": 0.0,
    "mdg_w_per_exposure_long": 0.0,
    "mdg_w_per_exposure_short": 0.0,
    "omega_ratio": 14.669202102889763,
    "omega_ratio_w": 5.351383214349416,
    "pnl_ratio_long_short": 1.0,
    "position_held_hours_max": 73.65,
    "position_held_hours_mean": 0.7769078768056691,
    "position_held_hours_median": 0.18333333333333332,
    "position_unchanged_hours_max": 42.166666666666664,
    "positions_held_per_day": 1.4941973351478548,
    "sharpe_ratio": 0.04648957150753905,
    "sharpe_ratio_w": 0.05916330972972752,
    "sortino_ratio": 0.10919161164049374,
    "sortino_ratio_w": 0.060161621537896295,
    "sterling_ratio": 0.022360055579978163,
    "sterling_ratio_w": 0.011719064080977845,
    "volume_pct_per_day_avg": 1.3598391974518504,
    "volume_pct_per_day_avg_w": 0.8762381255597942
}