{
    "adg": 0.006378285547350204,
    "adg_per_exposure_long": 0.0025698169006245783,
    "adg_per_exposure_short": 0.0,
    "adg_w": 0.004200532305781035,
    "adg_w_per_exposure_long": 0.0016923981892751952,
    "adg_w_per_exposure_short": 0.0,
    "calmar_ratio": 0.04773898824401992,
    "calmar_ratio_w": 0.04781069120622418,
    "drawdown_worst": 0.13360747225616346,
    "drawdown_worst_mean_1pct": 0.09914915416853323,
    "equity_balance_diff_neg_max": 0.13996318552007112,
    "equity_balance_diff_neg_mean": 0.001224152214512541,
    "equity_balance_diff_pos_max": 0.067460015851922,
    "equity_balance_diff_pos_mean": 0.0003523676037642457,
    "equity_choppiness": 1.142246534404139,
    "equity_choppiness_w": 1.3512422852451362,
    "equity_jerkiness": 0.010547506368524683,
    "equity_jerkiness_w": 0.008792712834965558,
    "expected_shortfall_1pct": 0.09908025901278245,
    "exponential_fit_error": 0.0050973414786136305,
    "exponential_fit_error_w": 0.0012120545967079584,
    "gain": 21.425260799040522,
    "gain_per_exposure_long": 8.632256566897873,
    "gain_per_exposure_short": 0.0,
    "loss_profit_ratio": 0.13806155480694743,
    "loss_profit_ratio_long": 0.13806155480694743,
    "loss_profit_ratio_short": 1.0,
    "loss_profit_ratio_w": 0.16519970841868573,
    "mdg": 0.0009008440763568051,
    "mdg_per_exposure_long": 0.00036295087685608585,
    "mdg_per_exposure_short": 0.0,
    "mdg_w": 0.0006232183479851445,
    "mdg_w_per_exposure_long": 0.0002510952248127093,
    "mdg_w_per_exposure_short": 0.0,
    "omega_ratio": 20.27249117943791,
    "omega_ratio_w": 9.636329097646936,
    "pnl_ratio_long_short": 1.0,
    "position_held_hours_max": 64.48333333333333,
    "position_held_hours_mean": 2.092923894043297,
    "position_held_hours_median": 1.3,
    "position_unchanged_hours_max": 31.233333333333334,
    "positions_held_per_day": 10.28630705394191,
    "sharpe_ratio": 0.207237834784756,
    "sharpe_ratio_w": 0.16675265653421967,
    "sortino_ratio": 0.2858167513630835,
    "sortino_ratio_w": 0.1977180669411303,
    "sterling_ratio": 0.06433020635262734,
    "sterling_ratio_w": 0.049635254144254216,
    "volume_pct_per_day_avg": 1.3574720534636762,
    "volume_pct_per_day_avg_w": 0.9959417211122554
}