{"analysis": {"adg": 0.006378285547350204,
              "adg_per_exposure_long": 0.0025698169006245783,
              "adg_per_exposure_short": 0.0,
              "adg_w": 0.004200532305781035,
              "adg_w_per_exposure_long": 0.0016923981892751952,
              "adg_w_per_exposure_short": 0.0,
              "calmar_ratio": 0.04773898824401992,
              "calmar_ratio_w": 0.04781069120622418,
              "drawdown_worst": 0.13360747225616346,
              "drawdown_worst_mean_1pct": 0.09914915416853323,
              "equity_balance_diff_neg_max": 0.13996318552007112,
              "equity_balance_diff_neg_mean": 0.001224152214512541,
              "equity_balance_diff_pos_max": 0.067460015851922,
              "equity_balance_diff_pos_mean": 0.0003523676037642457,
              "equity_choppiness": 1.142246534404139,
              "equity_choppiness_w": 1.3512422852451362,
              "equity_jerkiness": 0.010547506368524683,
              "equity_jerkiness_w": 0.008792712834965558,
              "expected_shortfall_1pct": 0.09908025901278245,
              "exponential_fit_error": 0.0050973414786136305,
              "exponential_fit_error_w": 0.0012120545967079584,
              "gain": 21.425260799040522,
              "gain_per_exposure_long": 8.632256566897873,
              "gain_per_exposure_short": 0.0,
              "loss_profit_ratio": 0.13806155480694743,
              "loss_profit_ratio_long": 0.13806155480694743,
              "loss_profit_ratio_short": 1.0,
              "loss_profit_ratio_w": 0.16519970841868573,
              "mdg": 0.0009008440763568051,
              "mdg_per_exposure_long": 0.00036295087685608585,
              "mdg_per_exposure_short": 0.0,
              "mdg_w": 0.0006232183479851445,
              "mdg_w_per_exposure_long": 0.0002510952248127093,
              "mdg_w_per_exposure_short": 0.0,
              "omega_ratio": 20.27249117943791,
              "omega_ratio_w": 9.636329097646936,
              "pnl_ratio_long_short": 1.0,
              "position_held_hours_max": 64.48333333333333,
              "position_held_hours_mean": 2.092923894043297,
              "position_held_hours_median": 1.3,
              "position_unchanged_hours_max": 31.233333333333334,
              "positions_held_per_day": 10.28630705394191,
              "sharpe_ratio": 0.207237834784756,
              "sharpe_ratio_w": 0.16675265653421967,
              "sortino_ratio": 0.2858167513630835,
              "sortino_ratio_w": 0.1977180669411303,
              "sterling_ratio": 0.06433020635262734,
              "sterling_ratio_w": 0.049635254144254216,
              "volume_pct_per_day_avg": 1.3574720534636762,
              "volume_pct_per_day_avg_w": 0.9959417211122554},
 "backtest": {"base_dir": "backtests/pbgui/ENA_bybit_optimize",
              "cache_dir": {"combined": "caches/hlcvs_data/958095340c66931e"},
              "coins": {"combined": ["ENA"]},
              "combine_ohlcvs": true,
              "compress_cache": true,
              "end_date": "2025-07-30",
              "exchanges": ["bybit"],
              "gap_tolerance_ohlcvs_minutes": 120,
              "start_date": "2020-06-01",
              "starting_balance": 200,
              "use_btc_collateral": false},
 "bot": {"long": {"close_grid_markup_end": 0.01128,
                  "close_grid_markup_start": 0.010921,
                  "close_grid_qty_pct": 0.83069,
                  "close_trailing_grid_ratio": 0.015971,
                  "close_trailing_qty_pct": 0.66432,
                  "close_trailing_retracement_pct": 0.018721,
                  "close_trailing_threshold_pct": 0.0015144,
                  "ema_span_0": 282.08,
                  "ema_span_1": 279.25,
                  "enforce_exposure_limit": true,
                  "entry_grid_double_down_factor": 1.9376,
                  "entry_grid_spacing_pct": 0.020609,
                  "entry_grid_spacing_weight": 0.66587,
                  "entry_initial_ema_dist": -0.001652,
                  "entry_initial_qty_pct": 0.0054037,
                  "entry_trailing_double_down_factor": 0.59549,
                  "entry_trailing_grid_ratio": -0.50858,
                  "entry_trailing_retracement_pct": 0.010074,
                  "entry_trailing_threshold_pct": -0.074395,
                  "filter_noisiness_rolling_window": 536.95,
                  "filter_volume_drop_pct": 0.42127,
                  "filter_volume_rolling_window": 509.69,
                  "n_positions": 1,
                  "total_wallet_exposure_limit": 2.482,
                  "unstuck_close_pct": 0.0081178,
                  "unstuck_ema_dist": 0.008881,
                  "unstuck_loss_allowance_pct": 0.041335,
                  "unstuck_threshold": 0.50748},
         "short": {"close_grid_markup_end": 0.029961,
                   "close_grid_markup_start": 0.013721,
                   "close_grid_qty_pct": 0.07105,
                   "close_trailing_grid_ratio": 0.07749,
                   "close_trailing_qty_pct": 0.059975,
                   "close_trailing_retracement_pct": 0.064411,
                   "close_trailing_threshold_pct": -0.013917,
                   "ema_span_0": 601.75,
                   "ema_span_1": 690.62,
                   "enforce_exposure_limit": true,
                   "entry_grid_double_down_factor": 0.17038,
                   "entry_grid_spacing_pct": 0.015124,
                   "entry_grid_spacing_weight": 0.84634,
                   "entry_initial_ema_dist": -0.061625,
                   "entry_initial_qty_pct": 0.036641,
                   "entry_trailing_double_down_factor": 0.95553,
                   "entry_trailing_grid_ratio": -0.011658,
                   "entry_trailing_retracement_pct": 0.003845,
                   "entry_trailing_threshold_pct": 0.019112,
                   "filter_noisiness_rolling_window": 185.3,
                   "filter_volume_drop_pct": 0.99341,
                   "filter_volume_rolling_window": 40.643,
                   "n_positions": 1,
                   "total_wallet_exposure_limit": 0,
                   "unstuck_close_pct": 0.018663,
                   "unstuck_ema_dist": -0.010807,
                   "unstuck_loss_allowance_pct": 0.017475,
                   "unstuck_threshold": 0.40403}},
 "coin_overrides": {},
 "disable_plotting": false,
 "live": {"approved_coins": {"long": ["ENAUSDT"], "short": ["ENAUSDT"]},
          "auto_gs": true,
          "base_config_path": "",
          "empty_means_all_approved": false,
          "execution_delay_seconds": 2,
          "filter_by_min_effective_cost": true,
          "forced_mode_long": "",
          "forced_mode_short": "",
          "ignored_coins": {"long": [], "short": []},
          "leverage": 10,
          "market_orders_allowed": true,
          "max_n_cancellations_per_batch": 5,
          "max_n_creations_per_batch": 3,
          "max_n_restarts_per_day": 10,
          "mimic_backtest_1m_delay": false,
          "minimum_coin_age_days": 7,
          "ohlcvs_1m_rolling_window_days": 7,
          "ohlcvs_1m_update_after_minutes": 10,
          "pnls_max_lookback_days": 30,
          "price_distance_threshold": 0.002,
          "time_in_force": "good_till_cancelled",
          "user": "bybit_01"},
 "optimize": {"bounds": {"long_close_grid_markup_end": [0.001, 0.03],
                         "long_close_grid_markup_start": [0.001, 0.03],
                         "long_close_grid_qty_pct": [0.05, 1],
                         "long_close_trailing_grid_ratio": [-1, 1],
                         "long_close_trailing_qty_pct": [0.05, 1],
                         "long_close_trailing_retracement_pct": [0, 0.1],
                         "long_close_trailing_threshold_pct": [-0.1, 0.1],
                         "long_ema_span_0": [200, 1440],
                         "long_ema_span_1": [200, 1440],
                         "long_entry_grid_double_down_factor": [0.1, 3],