{
    "adg": 0.020796660591380745,
    "adg_per_exposure_long": 0.0023342118627735276,
    "adg_per_exposure_short": 0.0,
    "adg_w": 0.01534848547198946,
    "adg_w_per_exposure_long": 0.0017227100815971111,
    "adg_w_per_exposure_short": 0.0,
    "calmar_ratio": 0.08369085969221216,
    "calmar_ratio_w": 0.22358288964235315,
    "drawdown_worst": 0.24849381005123045,
    "drawdown_worst_mean_1pct": 0.24139792681330385,
    "equity_balance_diff_neg_max": 0.2521965077854947,
    "equity_balance_diff_neg_mean": 0.0064468780487730035,
    "equity_balance_diff_pos_max": 0.7311195253945248,
    "equity_balance_diff_pos_mean": 0.017594323007497432,
    "equity_choppiness": 1.0770982663847386,
    "equity_choppiness_w": 1.1121778878545239,
    "equity_jerkiness": 0.04105902837780762,
    "equity_jerkiness_w": 0.03262219135061351,
    "expected_shortfall_1pct": 0.228586250146749,
    "exponential_fit_error": 0.21742732683551788,
    "exponential_fit_error_w": 0.028860957018094748,
    "gain": 416.099800262849,
    "gain_per_exposure_long": 46.702935098810144,
    "gain_per_exposure_short": 0.0,
    "loss_profit_ratio": 0.03780226546000551,
    "loss_profit_ratio_long": 0.03780226546000551,
    "loss_profit_ratio_short": 1.0,
    "loss_profit_ratio_w": 0.029334262434163427,
    "mdg": 0.0010192949879500183,
    "mdg_per_exposure_long": 0.00011440540860317845,
    "mdg_per_exposure_short": 0.0,
    "mdg_w": 0.0010571693011990479,
    "mdg_w_per_exposure_long": 0.00011865641182996217,
    "mdg_w_per_exposure_short": 0.0,
    "omega_ratio": 23.03672667529935,
    "omega_ratio_w": 33.96256118557916,
    "pnl_ratio_long_short": 1.0,
    "position_held_hours_max": 43.35,
    "position_held_hours_mean": 1.7455198930123705,
    "position_held_hours_median": 0.5,
    "position_unchanged_hours_max": 23.216666666666665,
    "positions_held_per_day": 3.4090326257301613,
    "sharpe_ratio": 0.09487339228158516,
    "sharpe_ratio_w": 0.15848580490097683,
    "sortino_ratio": 0.3615078272554775,
    "sortino_ratio_w": 0.7330471662324288,
    "sterling_ratio": 0.08615094945477636,
    "sterling_ratio_w": 0.2238288986186096,
    "volume_pct_per_day_avg": 2.5789484179394133,
    "volume_pct_per_day_avg_w": 2.0559395558438167
}