{"analysis": {"adg": 0.020796660591380745,
              "adg_per_exposure_long": 0.0023342118627735276,
              "adg_per_exposure_short": 0.0,
              "adg_w": 0.01534848547198946,
              "adg_w_per_exposure_long": 0.0017227100815971111,
              "adg_w_per_exposure_short": 0.0,
              "calmar_ratio": 0.08369085969221216,
              "calmar_ratio_w": 0.22358288964235315,
              "drawdown_worst": 0.24849381005123045,
              "drawdown_worst_mean_1pct": 0.24139792681330385,
              "equity_balance_diff_neg_max": 0.2521965077854947,
              "equity_balance_diff_neg_mean": 0.0064468780487730035,
              "equity_balance_diff_pos_max": 0.7311195253945248,
              "equity_balance_diff_pos_mean": 0.017594323007497432,
              "equity_choppiness": 1.0770982663847386,
              "equity_choppiness_w": 1.1121778878545239,
              "equity_jerkiness": 0.04105902837780762,
              "equity_jerkiness_w": 0.03262219135061351,
              "expected_shortfall_1pct": 0.228586250146749,
              "exponential_fit_error": 0.21742732683551788,
              "exponential_fit_error_w": 0.028860957018094748,
              "gain": 416.099800262849,
              "gain_per_exposure_long": 46.702935098810144,
              "gain_per_exposure_short": 0.0,
              "loss_profit_ratio": 0.03780226546000551,
              "loss_profit_ratio_long": 0.03780226546000551,
              "loss_profit_ratio_short": 1.0,
              "loss_profit_ratio_w": 0.029334262434163427,
              "mdg": 0.0010192949879500183,
              "mdg_per_exposure_long": 0.00011440540860317845,
              "mdg_per_exposure_short": 0.0,
              "mdg_w": 0.0010571693011990479,
              "mdg_w_per_exposure_long": 0.00011865641182996217,
              "mdg_w_per_exposure_short": 0.0,
              "omega_ratio": 23.03672667529935,
              "omega_ratio_w": 33.96256118557916,
              "pnl_ratio_long_short": 1.0,
              "position_held_hours_max": 43.35,
              "position_held_hours_mean": 1.7455198930123705,
              "position_held_hours_median": 0.5,
              "position_unchanged_hours_max": 23.216666666666665,
              "positions_held_per_day": 3.4090326257301613,
              "sharpe_ratio": 0.09487339228158516,
              "sharpe_ratio_w": 0.15848580490097683,
              "sortino_ratio": 0.3615078272554775,
              "sortino_ratio_w": 0.7330471662324288,
              "sterling_ratio": 0.08615094945477636,
              "sterling_ratio_w": 0.2238288986186096,
              "volume_pct_per_day_avg": 2.5789484179394133,
              "volume_pct_per_day_avg_w": 2.0559395558438167},
 "backtest": {"base_dir": "backtests/pbgui/POPCAT_binance_optimize",
              "cache_dir": {"combined": "caches/hlcvs_data/6d3fb1cbef0417b8"},
              "coins": {"combined": ["POPCAT"]},
              "combine_ohlcvs": true,
              "compress_cache": true,
              "end_date": "2025-06-11",
              "exchanges": ["binance"],
              "gap_tolerance_ohlcvs_minutes": 120,
              "start_date": "2020-01-01",
              "starting_balance": 200,
              "use_btc_collateral": false},
 "bot": {"long": {"close_grid_markup_end": 0.018678,
                  "close_grid_markup_start": 0.0028129,
                  "close_grid_qty_pct": 0.098402,
                  "close_trailing_grid_ratio": -0.99869,
                  "close_trailing_qty_pct": 0.08614,
                  "close_trailing_retracement_pct": 0.0096288,
                  "close_trailing_threshold_pct": 0.0039818,
                  "ema_span_0": 673.3,
                  "ema_span_1": 100.74,
                  "enforce_exposure_limit": true,
                  "entry_grid_double_down_factor": 4.1349,
                  "entry_grid_spacing_pct": 0.084277,
                  "entry_grid_spacing_weight": 0.29806,
                  "entry_initial_ema_dist": 0.018768,
                  "entry_initial_qty_pct": 0.010949,
                  "entry_trailing_double_down_factor": 9.5825,
                  "entry_trailing_grid_ratio": -0.90278,
                  "entry_trailing_retracement_pct": 0.050236,
                  "entry_trailing_threshold_pct": 0.0034887,
                  "filter_noisiness_rolling_window": 60,
                  "filter_volume_drop_pct": 0,
                  "filter_volume_rolling_window": 60,
                  "n_positions": 1,
                  "total_wallet_exposure_limit": 8.9095,
                  "unstuck_close_pct": 0.024041,
                  "unstuck_ema_dist": 0.00038094,
                  "unstuck_loss_allowance_pct": 0.24952,
                  "unstuck_threshold": 0.90757},
         "short": {"close_grid_markup_end": 0.001,
                   "close_grid_markup_start": 0.001,
                   "close_grid_qty_pct": 0.05,
                   "close_trailing_grid_ratio": -1,
                   "close_trailing_qty_pct": 0.05,
                   "close_trailing_retracement_pct": 0,
                   "close_trailing_threshold_pct": -0.1,
                   "ema_span_0": 200,
                   "ema_span_1": 200,
                   "enforce_exposure_limit": true,
                   "entry_grid_double_down_factor": 0.1,
                   "entry_grid_spacing_pct": 0.01,
                   "entry_grid_spacing_weight": 0.2,
                   "entry_initial_ema_dist": -0.1,
                   "entry_initial_qty_pct": 0.025,
                   "entry_trailing_double_down_factor": 0.1,
                   "entry_trailing_grid_ratio": -1,
                   "entry_trailing_retracement_pct": 0,
                   "entry_trailing_threshold_pct": -0.1,
                   "filter_noisiness_rolling_window": 10,
                   "filter_volume_drop_pct": 0,
                   "filter_volume_rolling_window": 10,
                   "n_positions": 0,
                   "total_wallet_exposure_limit": 0,
                   "unstuck_close_pct": 0.005,
                   "unstuck_ema_dist": -0.1,
                   "unstuck_loss_allowance_pct": 0.01,
                   "unstuck_threshold": 0.7}},
 "coin_overrides": {},
 "disable_plotting": false,
 "live": {"approved_coins": {"long": ["POPCATUSDT"], "short": []},
          "auto_gs": true,
          "empty_means_all_approved": false,
          "execution_delay_seconds": 2,
          "filter_by_min_effective_cost": true,
          "forced_mode_long": "",
          "forced_mode_short": "",
          "ignored_coins": {"long": [], "short": []},
          "leverage": 10,
          "market_orders_allowed": true,
          "max_n_cancellations_per_batch": 5,
          "max_n_creations_per_batch": 3,
          "max_n_restarts_per_day": 10,
          "mimic_backtest_1m_delay": false,
          "minimum_coin_age_days": 30,
          "ohlcvs_1m_rolling_window_days": 4,
          "ohlcvs_1m_update_after_minutes": 10,
          "pnls_max_lookback_days": 30,
          "price_distance_threshold": 0.002,
          "time_in_force": "good_till_cancelled",
          "user": "bybit_01"},
 "optimize": {"bounds": {"long_close_grid_markup_end": [0.001, 0.03],
                         "long_close_grid_markup_start": [0.001, 0.03],
                         "long_close_grid_qty_pct": [0.05, 0.4],
                         "long_close_trailing_grid_ratio": [-1, 1],
                         "long_close_trailing_qty_pct": [0.05, 0.25],
                         "long_close_trailing_retracement_pct": [0.003, 0.01],
                         "long_close_trailing_threshold_pct": [0.001, 0.005],
                         "long_ema_span_0": [100, 800],
                         "long_ema_span_1": [100, 800],
                         "long_entry_grid_double_down_factor": [0.4, 10],
                         "long_entry_grid_spacing_pct": [0.01, 0.12],
                         "long_entry_grid_spacing_weight": [0.2, 2],