{
    "adg": 0.0036981569121854463,
    "adg_per_exposure_long": 0.000766663953435215,
    "adg_per_exposure_short": 0.0,
    "adg_w": 0.0022325429323477807,
    "adg_w_per_exposure_long": 0.00046282789815862947,
    "adg_w_per_exposure_short": 0.0,
    "calmar_ratio": 0.009304319385306476,
    "calmar_ratio_w": 0.010710869685632413,
    "drawdown_worst": 0.3974666774687069,
    "drawdown_worst_mean_1pct": 0.321587422601897,
    "equity_balance_diff_neg_max": 0.42424588755513576,
    "equity_balance_diff_neg_mean": 0.023056177281811106,
    "equity_balance_diff_pos_max": 0.524419623004168,
    "equity_balance_diff_pos_mean": 0.0012090233947953995,
    "equity_choppiness": 3.5317996883205796,
    "equity_choppiness_w": 3.501475752557089,
    "equity_jerkiness": 0.020118472875250547,
    "equity_jerkiness_w": 0.013473071894446572,
    "expected_shortfall_1pct": 0.19360988567538942,
    "exponential_fit_error": 0.14934754750215773,
    "exponential_fit_error_w": 0.01995167042467419,
    "flat_btc_balance_hours": 0.0,
    "gain": 352.6697888837867,
    "gain_per_exposure_long": 73.11188276298002,
    "gain_per_exposure_short": 0.0,
    "loss_profit_ratio": 0.06266160539015354,
    "loss_profit_ratio_long": 0.06266160539015354,
    "loss_profit_ratio_short": 1.0,
    "loss_profit_ratio_w": 0.03428988791838193,
    "mdg": 0.0006610845421618676,
    "mdg_per_exposure_long": 0.00013704926553514266,
    "mdg_per_exposure_short": 0.0,
    "mdg_w": 0.00016166988052975577,
    "mdg_w_per_exposure_long": 3.3515741138494475e-05,
    "mdg_w_per_exposure_short": 0.0,
    "omega_ratio": 2.063896451461611,
    "omega_ratio_w": 1.906175734374854,
    "pnl_ratio_long_short": 1.0,
    "position_held_hours_max": 959.9666666666667,
    "position_held_hours_mean": 68.87091575091576,
    "position_held_hours_median": 18.05,
    "position_unchanged_hours_max": 307.6333333333333,
    "positions_held_per_day": 0.286397308075119,
    "sharpe_ratio": 0.04438341752244124,
    "sharpe_ratio_w": 0.057070898000116665,
    "sortino_ratio": 0.10281290332779949,
    "sortino_ratio_w": 0.10361997042984646,
    "sterling_ratio": 0.011499693869444357,
    "sterling_ratio_w": 0.011670466468725141,
    "volume_pct_per_day_avg": 1.2238382756405057,
    "volume_pct_per_day_avg_w": 0.7913107342426942
}