{"analysis": {"adg": 0.0036981569121854463,
              "adg_per_exposure_long": 0.000766663953435215,
              "adg_per_exposure_short": 0.0,
              "adg_w": 0.0022325429323477807,
              "adg_w_per_exposure_long": 0.00046282789815862947,
              "adg_w_per_exposure_short": 0.0,
              "calmar_ratio": 0.009304319385306476,
              "calmar_ratio_w": 0.010710869685632413,
              "drawdown_worst": 0.3974666774687069,
              "drawdown_worst_mean_1pct": 0.321587422601897,
              "equity_balance_diff_neg_max": 0.42424588755513576,
              "equity_balance_diff_neg_mean": 0.023056177281811106,
              "equity_balance_diff_pos_max": 0.524419623004168,
              "equity_balance_diff_pos_mean": 0.0012090233947953995,
              "equity_choppiness": 3.5317996883205796,
              "equity_choppiness_w": 3.501475752557089,
              "equity_jerkiness": 0.020118472875250547,
              "equity_jerkiness_w": 0.013473071894446572,
              "expected_shortfall_1pct": 0.19360988567538942,
              "exponential_fit_error": 0.14934754750215773,
              "exponential_fit_error_w": 0.01995167042467419,
              "flat_btc_balance_hours": 0.0,
              "gain": 352.6697888837867,
              "gain_per_exposure_long": 73.11188276298002,
              "gain_per_exposure_short": 0.0,
              "loss_profit_ratio": 0.06266160539015354,
              "loss_profit_ratio_long": 0.06266160539015354,
              "loss_profit_ratio_short": 1.0,
              "loss_profit_ratio_w": 0.03428988791838193,
              "mdg": 0.0006610845421618676,
              "mdg_per_exposure_long": 0.00013704926553514266,
              "mdg_per_exposure_short": 0.0,
              "mdg_w": 0.00016166988052975577,
              "mdg_w_per_exposure_long": 3.3515741138494475e-05,
              "mdg_w_per_exposure_short": 0.0,
              "omega_ratio": 2.063896451461611,
              "omega_ratio_w": 1.906175734374854,
              "pnl_ratio_long_short": 1.0,
              "position_held_hours_max": 959.9666666666667,
              "position_held_hours_mean": 68.87091575091576,
              "position_held_hours_median": 18.05,
              "position_unchanged_hours_max": 307.6333333333333,
              "positions_held_per_day": 0.286397308075119,
              "sharpe_ratio": 0.04438341752244124,
              "sharpe_ratio_w": 0.057070898000116665,
              "sortino_ratio": 0.10281290332779949,
              "sortino_ratio_w": 0.10361997042984646,
              "sterling_ratio": 0.011499693869444357,
              "sterling_ratio_w": 0.011670466468725141,
              "volume_pct_per_day_avg": 1.2238382756405057,
              "volume_pct_per_day_avg_w": 0.7913107342426942},
 "backtest": {"base_dir": "backtests/pbgui/SOL_bybit_bymani",
              "cache_dir": {"combined": "caches/hlcvs_data/eaf729a234c752e6"},
              "coins": {"combined": ["SOL"]},
              "combine_ohlcvs": true,
              "compress_cache": true,
              "end_date": "2025-11-04",
              "exchanges": ["bybit"],
              "gap_tolerance_ohlcvs_minutes": 120,
              "start_date": "2020-01-01",
              "starting_balance": 200,
              "use_btc_collateral": false},
 "bot": {"long": {"close_grid_markup_end": 0.0051707,
                  "close_grid_markup_start": 0.05244,
                  "close_grid_qty_pct": 0.29161,
                  "close_trailing_grid_ratio": -0.98487,
                  "close_trailing_qty_pct": 0.061459,
                  "close_trailing_retracement_pct": 0.00093811,
                  "close_trailing_threshold_pct": 0.0050377,
                  "ema_span_0": 12.552,
                  "ema_span_1": 12.562,
                  "enforce_exposure_limit": true,
                  "entry_grid_double_down_factor": 1.2199,
                  "entry_grid_spacing_log_span_hours": 244.91,
                  "entry_grid_spacing_log_weight": 98.911,
                  "entry_grid_spacing_pct": 0.083095,
                  "entry_grid_spacing_we_weight": 3.9932,
                  "entry_initial_ema_dist": 0.011147,
                  "entry_initial_qty_pct": 0.051415,
                  "entry_trailing_double_down_factor": 1.1787,
                  "entry_trailing_grid_ratio": -0.9805,
                  "entry_trailing_retracement_pct": 0.085083,
                  "entry_trailing_threshold_pct": 0.081942,
                  "filter_log_range_ema_span": 63.515,
                  "filter_volume_drop_pct": 1.13e-08,
                  "filter_volume_ema_span": 214.91,
                  "n_positions": 1,
                  "total_wallet_exposure_limit": 4.8237,
                  "unstuck_close_pct": 0.005037,
                  "unstuck_ema_dist": -0.033369,
                  "unstuck_loss_allowance_pct": 0.14911,
                  "unstuck_threshold": 0.57862},
         "short": {"close_grid_markup_end": 0.001,
                   "close_grid_markup_start": 0.001,
                   "close_grid_qty_pct": 0.1,
                   "close_trailing_grid_ratio": -1,
                   "close_trailing_qty_pct": 0.1,
                   "close_trailing_retracement_pct": 0.003,
                   "close_trailing_threshold_pct": -0.001,
                   "ema_span_0": 200,
                   "ema_span_1": 200,
                   "enforce_exposure_limit": true,
                   "entry_grid_double_down_factor": 0.6,
                   "entry_grid_spacing_log_span_hours": 24,
                   "entry_grid_spacing_log_weight": 0,
                   "entry_grid_spacing_pct": 0.01,
                   "entry_grid_spacing_we_weight": 0,
                   "entry_initial_ema_dist": -0.001,
                   "entry_initial_qty_pct": 0.025,
                   "entry_trailing_double_down_factor": 0.1,
                   "entry_trailing_grid_ratio": -1,
                   "entry_trailing_retracement_pct": 0,
                   "entry_trailing_threshold_pct": -0.1,
                   "filter_log_range_ema_span": 60,
                   "filter_volume_drop_pct": 0.53,
                   "filter_volume_ema_span": 10,
                   "n_positions": 0,
                   "total_wallet_exposure_limit": 0,
                   "unstuck_close_pct": 0.005,
                   "unstuck_ema_dist": -0.1,
                   "unstuck_loss_allowance_pct": 0.01,
                   "unstuck_threshold": 0.55}},
 "coin_overrides": {},
 "disable_plotting": false,
 "live": {"approved_coins": {"long": ["SOL"], "short": []},
          "auto_gs": true,
          "base_config_path": "/app/pbgui/data/bt_v7/SOL_bybit_bymani/backtest.json",
          "empty_means_all_approved": false,
          "execution_delay_seconds": 2,
          "filter_by_min_effective_cost": true,
          "forced_mode_long": "",
          "forced_mode_short": "",
          "ignored_coins": {"long": [], "short": []},
          "inactive_coin_candle_ttl_minutes": 10,
          "leverage": 10,
          "market_orders_allowed": true,
          "max_disk_candles_per_symbol_per_tf": 2000000,
          "max_memory_candles_per_symbol": 20000,
          "max_n_cancellations_per_batch": 5,
          "max_n_creations_per_batch": 3,
          "max_n_restarts_per_day": 10,
          "max_warmup_minutes": 0.0,
          "memory_snapshot_interval_minutes": 30.0,
          "minimum_coin_age_days": 30,
          "pnls_max_lookback_days": 30,
          "price_distance_threshold": 0.002,
          "time_in_force": "good_till_cancelled",
          "user": "bybit_01",
          "warmup_ratio": 0.2},
 "logging": {"level": 1},
 "optimize": {"bounds": {"long_close_grid_markup_end": [0.001, 0.066],
                         "long_close_grid_markup_start": [0.001, 0.081],
                         "long_close_grid_qty_pct": [0.05, 0.4],
                         "long_close_trailing_grid_ratio": [-1, -0.85],